África,neu,60.358519,1
África subsahariana,neu,67.480155,1
África subsahariana,neg,35.97236,1
A330,pos,64.802312,1
Abdirahman,neg,71.527157,1
Abena Hagan,pos,53.878273,1
Abiy Ahmed,neg,69.260979,20
Abortion Supreme Court,pos,62.990549,1
abril,pos,35.798838,1
Academia de Ciencias de Estados Unidos,neu,51.125566,1
acting inspector,neu,86.67604,1
Action Plus,neg,49.652109,1
activiste,neg,41.785567,1
Addis Ababa,neg,63.320083,2
Aden Range Marwa,neu,59.226586,1
ADHD,neg,52.716935,1
Afghan,neg,85.071833,9
Afghan,neg,92.737996,8
Afghan Air Force,neg,45.029045,7
Afghan government,neg,60.045197,2
Afghan government,neu,84.827677,1
Afghanistan,neg,71.147207,15
Afghanistan,neg,44.181132,3
Afghanistan Analysts Network,neg,75.727059,1
Afghans,neg,73.800543,1
AFP,pos,49.999916,1
AFP,neu,64.578451,1
AFP,neg,50.224535,1
AFP,neg,60.27912,2
AFP,neu,39.271634,1
AFP,pos,66.770847,2
AFP,neg,65.272641,1
AFP,neu,66.096455,2
AFP,neu,78.259531,1
AFP,neg,79.645549,1
AFP,pos,40.439976,3
AFP,neg,56.091967,1
AFP,pos,39.652449,1
AFP news agency,neu,75.653048,1
Africa,neg,52.988801,6
Afrika,neu,57.032653,1
Afrique,neu,46.591933,1
Afrique,neu,93.562908,3
Agencia Internacional de la Energía,neu,34.085987,1
Airbus,pos,62.160667,1
AIS,neg,41.4938,3
Akilov Rakhmat Akilov,neg,99.047745,29
Al Shabab,neg,38.389875,1
Alastair Bentley,neg,99.33756,7
Alberto Malinverno,pos,39.734231,3
Alexander Graham Bell,pos,71.377635,1
Alfred Thorpe,pos,41.89214,1
Algiers Peace Agreement,neg,38.212536,1
Alice Marie Johnson,neg,65.420326,5
Alma Road,neu,51.940842,1
América,pos,37.453439,1
América Latina,neu,96.277388,3
América Latina,neu,47.541344,1
ambassadors,pos,84.426508,1
Amelia Butterly,neu,57.002682,1
America,pos,43.431515,1
America,neg,49.779283,1
American,neg,51.304693,2
American,pos,53.759568,2
Americans,pos,62.571885,1
Amnesty International,neu,54.168856,1
Amnesty International,pos,58.743254,1
an hour,neg,54.956393,1
an hour,neu,90.725323,2
an hour,neg,78.68002,1
an hour,neg,61.349228,2
Anas Aremayaw Anas,neu,65.652668,1
Anas Aremeyaw Anas Pour Brigth Kankam Boadu,neu,94.487767,7
Ancient East,pos,93.976801,4
Ancient Times,pos,62.623689,1
Andargachew Tsege,neg,55.036107,1
Andre Green,neu,55.55359,1
Andrew Leoncelli,neg,40.68471,1
Andy Burnham,neu,73.13335,2
Andy Spade,neg,89.801124,7
Anfield,neu,66.56525,1
Angelo,neu,84.509831,1
Animal Liberation Front,neg,59.502725,1
Anna Soubry,pos,51.021983,1
Anti-abortion,neu,64.367724,1
Antonio Conte,neu,65.18931,2
Apolo 8,neu,36.593687,1
Apple,pos,42.151513,2
April,neg,44.54591,3
April,neg,58.383305,1
April,neg,43.613124,1
Arabia Saudita,neg,63.917784,1
Arabian,pos,47.250645,1
Argentina,neu,61.335525,2
Argyle Street,neu,65.557855,1
Arizona,neg,44.599679,2
Arizona State University,neg,39.922917,1
Arsenal,neu,68.614786,1
Ashraf Ghani,neg,44.217684,1
Ashraf Ghani,neg,73.362299,7
Assembly,neg,78.665458,2
Associated Newspapers,neu,83.560281,1
Association of Chief Police Officers,neu,71.777594,1
Aston Villa,neu,49.838498,2
Aston Villa Jack Grealish,neu,53.429554,1
Athlone,neg,57.213132,1
Atletico Madrid,neu,77.982483,1
Attorney General,neg,52.277228,1
August 1867,pos,73.090171,1
Austin,neg,35.184687,1
Australia,neg,72.013178,4
Australia,neu,79.703291,1
Australia,pos,49.178249,1
Australian,neg,57.687094,1
Australian,neu,55.313507,1
Austria,neg,33.636569,2
Austrian,neu,65.425464,1
author,neg,48.047774,1
Automatic Identification System,neu,64.185217,1
Ayda Field,neu,41.99031,1
Bacardi London Club,pos,40.175964,1
Badme,neg,43.781248,5
Baghdad,neg,49.291796,2
Bajo presión,neg,80.924627,1
Baker Hughes,pos,44.771213,1
Bambari,neg,43.270545,1
Barbara Lane,neu,52.718209,1
Barbra Streisand,neu,67.999961,1
Barcelona,neu,50.741689,1
Bargain Buys,neu,82.625589,1
Barnett Rubin,neg,43.57385,3
Bashar al-Assad,neu,73.923538,1
Bashir Ibrahim,neg,97.560749,5
Battersea,neu,60.93906,1
Bayern Munich,neu,64.984062,1
BBC,neg,48.726784,4
BBC,neg,75.898253,4
BBC,neg,55.751541,4
BBC,neu,83.177072,1
BBC,neu,54.620113,1
BBC,pos,36.978317,1
BBC,neu,66.961545,1
BBC,pos,62.585416,1
BBC,neu,87.359523,1
BBC,neg,56.952413,1
BBC,neg,50.79547,1
BBC,neu,73.094208,8
BBC,neg,57.112732,1
BBC,neu,40.878093,2
BBC,pos,75.408359,1
BBC,neu,67.986012,2
BBC,neg,43.658605,1
BBC,pos,52.594575,2
BBC,neg,62.547634,3
BBC,pos,44.609203,4
"BBC ""La Verdad",pos,40.768981,4
BBC Capital,neu,49.70528,2
BBC Mundo,pos,54.196562,1
BBC Mundo,neg,40.863461,1
BBC Mundo,pos,50.449312,1
BBC Mundo,pos,55.771201,3
BBC Mundo,pos,49.546182,1
BBC Music,pos,53.561438,1
BBC News,neg,47.737717,2
BBC News,neg,51.043053,2
BBC News,pos,54.331921,1
BBC News,pos,39.590319,1
BBC News,pos,49.596042,1
BBC News,neg,61.563199,1
BBC News,neu,75.508765,1
BBC News,neu,51.961155,1
BBC News,pos,50.610564,1
BBC News,pos,50.610564,1
BBC News,neu,38.164956,1
BBC News,neg,55.887814,1
BBC News,pos,70.80103,2
BBC News,neg,46.955972,1
BBC News,pos,55.294975,1
BBC News,pos,50.610564,1
BBC News,pos,50.610564,1
BBC News Mundo,neu,48.547416,2
BBC News Mundo,neu,52.07929,1
BBC NI Agriculture & Environment Correspondent 7,neg,50.679722,2
BBC Radio,pos,66.045437,1
BBC Radio 1,neg,55.768739,1
BBC Radio 4,pos,50.156208,1
BBC Scotland,neg,53.371606,1
BBC Scotland News,pos,50.630743,1
BBC Sport,neg,67.713443,1
bbc.com,pos,60.821861,1
bbc.com,pos,60.624877,1
Beatriz Díez,neu,50.169498,1
Behailu Kebede,neg,77.885647,1
Belfast,pos,66.442274,3
Belfast,neu,63.1258,2
Belgian,neg,64.681552,2
Bell,pos,59.312604,3
Bella,neu,89.499423,3
Bellahouston Park,pos,43.511462,1
Ben Wright,neu,72.609825,1
Berihu Lilay,pos,38.935513,1
Berlin,neu,47.042559,1
Beverly Hills,neu,59.313724,1
Beyonce,pos,69.569338,18
Big Pimpin,neg,53.117844,1
Biggs Brewery,pos,45.862324,1
Bild,neu,62.222979,1
Bill Ingalls Image,pos,49.759903,1
Bill Wilson,pos,67.841746,1
Blairism,neg,52.104557,1
Blues and Royals,pos,48.217596,1
Blythswood Street,neu,39.209552,1
Bobbi Brown,neu,65.307392,1
Body of Evidence,neu,63.69541,1
Boni,neu,61.553667,1
Boris Johnson,neg,43.379753,1
Boston bombing,neu,54.386052,1
Bradley Cooper,pos,70.371864,8
Brú na Bóinne,neu,78.932382,1
Brasil,neu,53.747282,2
Brexit,pos,66.906758,1
Brexit minister,neu,58.111928,1
Brexit Secretary,pos,49.938218,1
Brexit secretary,neu,43.598884,1
Brexit Secretary,pos,54.697804,1
Brexit secretary,pos,52.988883,1
Brexit Secretary,neu,56.588027,1
Brexit secretary,pos,55.848818,1
Brexiteer,neu,85.375905,1
Brian Moore,neu,75.493195,1
Brian Wheeler,neu,73.298613,1
Brian Wheeler,neu,42.728293,1
Bristol university,neu,57.231793,1
Britain,pos,51.516555,3
Britain,neg,47.969747,2
Britain,neg,62.549541,6
Britain,neu,65.207111,10
Britain,neg,56.649144,4
Britain,neu,68.491073,1
British,neu,72.612373,1
British,neu,52.875233,3
British,pos,50.391743,1
British,neg,57.889418,2
British,neg,69.56092,9
British,pos,48.174191,1
British,neu,63.801327,1
British Airways,neu,67.27907,1
British citizen,neg,54.29011,1
British Fur Trade,neu,44.371708,1
British government,pos,35.254825,1
British Medical Journal,pos,50.191793,1
British Merchant Navy,neu,82.225672,1
British Property Federation,neg,71.338352,4
British Retail Consortium,neg,56.977683,1
Briton,neg,58.800503,1
Bronwyn Tarr,neu,54.146372,2
Brussels,pos,52.375802,2
Brussels,neg,51.837985,2
Buchanan Street,neu,71.272906,1
Buckingham Palace,neg,36.139785,1
Bugendrana,neu,54.776799,1
Bundesliga,pos,59.526839,2
Burkina Faso,neu,43.350591,1
Burundi,neu,45.014724,1
Business reporter,neu,57.749429,1
Business reporter,neg,49.191908,1
Cámara Baja,neg,37.393668,1
cabinet,neg,53.241009,2
Cabinet,neg,80.500423,1
cabinet,neu,59.902738,1
cabinet,neu,84.960811,1
Calciomercato,neu,81.213645,1
Cambridge,pos,60.852164,1
Cambridge Analytica,pos,53.383953,2
Cambridge Union,pos,68.899137,1
Cambridge University,neu,78.381128,1
Cambridge University,neu,78.381128,1
Cambridge University's Prof Dame Athene Donald,pos,55.182884,1
Canada,pos,44.470051,1
Canada,neg,90.549174,7
Canada,neu,76.007635,1
Canada,neg,55.182359,1
Canadian,pos,44.798136,2
Canadians,pos,50.865857,1
Capital,neu,87.67034,1
Capital,neu,87.67034,1
"Capitol, Washington Navy Yard",neg,66.429305,1
captain,neg,61.769989,1
caption Scotland Street School,pos,69.126289,1
captionGrenfell Tower,pos,51.710251,1
Caracas,pos,35.853792,1
Carbohidratos,neu,52.143562,4
Cardiff,pos,90.223359,10
Cardiff,pos,66.872179,2
Cardiff University,neg,50.679094,2
Caribe,neu,39.946597,1
Carlos Moedas,neu,85.753553,11
Carnegie Mellon University,pos,40.312622,1
Carpetright,neu,49.711297,1
Carpetright,neu,70.825033,1
Carter,neg,76.353568,1
Cashel in County Tipperary,pos,65.500646,1
Casualty,pos,50.746887,1
Catherine Cranston,neg,38.294286,8
Catholic,pos,63.395845,2
Catholic,pos,65.508255,1
Catholic Church,neg,49.938491,1
CCTV,neg,63.806649,3
Celtic,pos,68.79175,2
Central American,neg,61.713373,1
Centro para una Tecnología Humana,pos,43.334212,1
Chabad House,neu,53.455201,1
chairman,neu,50.637243,1
chairman,neu,53.83574,1
chairman,pos,48.355338,1
Chancellor,pos,51.882266,1
chancellor,neg,55.087535,1
Channel 4,neg,51.012004,1
Chapel Street,pos,56.555365,1
Chapel Street Precinct Association,pos,49.821844,1
Charles Batum,neu,51.852674,1
Charles Rennie Mackintosh,pos,66.875313,74
Charles Street,neu,56.009995,1
Charlotte Libby,neu,68.70131,1
chef,neu,45.084799,1
Chelsea,neu,78.036227,5
Cheshire,neu,55.010829,1
Chester Zoo,neg,49.984668,1
chief,neu,67.74944,1
Chief Commissioner,neu,65.762528,1
chief executive,pos,37.15479,1
chief executive,neg,75.754685,1
chief negotiator,neu,47.439208,1
chief of staff,pos,56.643626,1
chief policy officer,neu,73.236952,1
chief whip,pos,51.519939,1
chiefs,neg,53.675715,1
Chile,neg,49.611321,2
Chile,pos,53.529866,2
Chilean,neg,53.827964,2
Chilean,neu,50.192261,1
Chilean Coast,neu,50.532519,1
China,pos,54.360485,2
China,neg,41.124806,2
China,pos,38.922624,3
China,pos,77.323829,2
China,neu,45.486577,1
China,neg,74.95206,5
China,pos,41.194624,1
Chinese,neg,41.184383,1
Chinese,neu,46.758982,1
Chippendales,pos,60.300986,1
Chris Bevington,neg,68.445651,3
Chris Edwards,neu,41.375408,1
Chrissie Maus,neu,64.223547,1
Christian Ntsay,pos,42.282703,1
Christianity,pos,71.29334,2
Chronicle,neu,76.837774,1
Chuka Umunna,pos,61.452577,1
Church of Scotland,neu,66.607893,1
cinco años,neu,42.58756,1
Cisco y Stripe,neg,44.949186,1
Claire Bass,neu,73.268078,4
Clara Guibourg,pos,36.944933,1
Clare Bailey,neg,52.107044,1
cleric,neg,63.487637,1
cleric,pos,54.312831,1
cleric,pos,46.311135,1
clerics,neg,54.171621,1
clerics,neg,62.37443,1
Clinique,neu,53.628394,1
Clive Churchhouse,neg,93.092054,19
Clonmacnoise,pos,72.466621,1
Cluttons,pos,46.57722,1
CNN,pos,68.144485,1
Co Drapers,neu,52.417739,1
Co Ltd.,neg,56.48618,1
Coach,pos,51.431684,1
Coachella,pos,54.757728,1
Coalición de Trabajadores Tecnológicos,neu,61.298594,1
Coalition,neg,65.113263,1
Cobh,neu,75.356536,2
Cobh in County Cork,neu,62.132854,1
Colombia,neg,39.921049,1
Colum Eastwood,neg,52.30703,1
Columbia Business School,pos,43.208881,1
Comedian,neu,42.797428,1
commander,neu,85.757782,1
commander,neu,48.396976,1
commander,neu,74.763588,1
commanders,neg,68.589004,1
commanders,neg,49.859877,1
commanders,neg,53.331732,1
commanders,neg,72.334259,1
Commission,pos,48.395712,1
Commissioner,pos,59.498063,1
Commissioner,neu,67.725071,1
Committee of Advertising Practice,neu,69.136952,1
Commons,pos,48.944443,3
Commons,neu,56.177748,1
Commonwealth Games,neg,46.686807,2
Company Voluntary Arrangement (CVA),neg,39.19476,1
Congrès,neu,34.970929,1
Congreso,pos,39.601841,1
Conoco Phillips,neu,50.817528,1
Conor Macauley,neu,61.001485,1
Conred,neg,87.287244,5
Conservative,neg,52.812999,1
Conservative,neu,66.713701,4
Conservative,pos,43.279873,1
Conservative,neg,54.944303,1
Conservative,neg,39.128001,1
Conservatives,pos,58.153319,1
Conservatives,pos,63.881913,1
Constable,neu,44.770376,1
Corée du Nord,pos,45.962876,1
Corée du Sud,neu,80.519051,1
Corbis News,neg,51.842507,1
Coronor,neg,63.411293,1
Corpus Christi,neu,58.747546,1
Corpus Christi,pos,35.789243,1
County Court of Victoria,neu,75.873463,1
County Fermanagh,neg,77.162887,1
County Londonderry,neu,75.04744,1
County Meath,pos,61.626372,1
County Wexford,neu,65.752899,1
County Wicklow,neu,63.456584,1
Coupe du Monde,neu,80.431924,1
Cour suprême,pos,52.882826,1
Covent Garden,neu,75.294226,1
Covent Garden,pos,45.724109,1
Cowley Road,neu,69.024303,1
CPI,neu,36.656811,1
Crawley,pos,63.627363,1
Cregagh Road,pos,55.915587,1
Croaghrim Road,neg,84.66064,2
Cross River,neu,78.323146,1
Cuba,neu,49.263541,1
Cuban embassy,neg,87.837945,6
Curtis Davies,neu,67.69913,1
Cyriaque Muhawenayo,neg,37.427503,1
Daily,neg,66.192444,2
Daily Express,pos,47.362727,1
Daily Express,neg,48.301204,1
Daily Mail,neu,61.757785,2
Daily Mail,pos,45.663478,1
Daily Mirror,pos,60.082,1
Dame,neg,64.192293,1
Dame,neg,83.730164,1
Dan Jones,neu,69.059728,2
Daniel García Marco,neu,41.196168,1
Daniel Gover,pos,66.144627,4
Darragh Mackin,neu,72.045149,1
Darren Osborne,neu,70.033743,1
Dasht-e-Archi,neg,78.156544,5
Dave Lee,pos,73.135089,3
David Baddiel,neu,55.942744,1
David Beckham,pos,63.211908,2
David Caldwell,neu,61.590306,1
David Cameron,neg,45.348552,3
David Cameron,neg,40.955888,2
David Davis,neg,42.131805,10
David Davis,neg,95.423315,8
David Davis's,pos,44.600527,8
David English,neu,64.70546,1
David Jones,neu,76.481689,1
David Latimer,pos,38.283406,3
David Robson,pos,55.480529,3
Debbie Whyte,neg,97.48832,5
Decapitated Snake Bite Itself,neu,37.035192,1
December,neu,72.659083,1
defence lawyer,neg,57.643495,1
Deja Vu,pos,46.727598,3
Deloitte,pos,54.787512,4
Deloitte,neu,66.213359,1
Democratic Unionist,neg,43.921172,1
Democratic Unionist Party,neg,74.85393,4
Democrats,neg,59.944977,1
Denize Atan,neg,44.012312,2
Dennis Rodman,pos,49.849125,1
Denzel Darku,neg,67.911399,35
Department,pos,46.939411,1
Department for Infrastructure,neg,54.610749,1
Department of Health,neu,69.427727,1
Department of Health and Human Services,neu,49.802074,1
Department of Science and Technology Studies,neu,61.687239,1
Derby,neg,41.963599,1
Dermot Shea,neg,63.677035,2
Derngate,neg,49.252692,1
Designer,neg,58.325952,1
Destiny's Child,neg,52.815444,1
Detroit,pos,47.026619,1
Deutsche Börse,neg,65.111507,1
deux ans,neu,53.411798,1
Dhammika Perera,neg,47.955734,2
diez años,neg,38.856355,1
dimanche,neg,43.179811,1
dimanche,neg,65.078029,2
Dina Demrdash,neu,43.309177,1
director,neg,59.173245,1
director,pos,64.776624,1
director,pos,56.063087,1
director,neu,66.382193,1
director,pos,45.646006,1
director,neu,69.306076,1
director,pos,42.565839,1
directora,neg,47.376826,1
Dirt Off Your Shoulder,pos,48.629861,1
Discover Ireland,pos,57.914347,1
Diss,neu,61.469736,1
DNA,pos,54.558169,4
doctor,neu,51.07345,1
doctor,pos,39.976974,1
doctor,neg,45.134554,1
doctor,neg,74.297285,1
doctor,neu,39.608129,1
doctor,neu,49.157214,1
doctor,neu,41.956269,1
doctor,neg,43.224995,1
doctor,pos,50.391209,1
doctor,pos,49.568781,1
doctor,neg,59.026612,1
Doctor Who,neg,41.936893,1
Dominic Tarason,pos,42.619562,1
Donal Trump,neu,71.913305,1
Donald Duke,pos,44.068694,1
Donald Trump,neg,55.952265,1
Donald Trump,neg,39.885449,1
Donald Trump,neu,57.267349,2
Donald Trump,neg,49.332234,5
Donald Trump,neu,57.723932,4
Donald Trump,neu,46.887648,12
Donald Trump Buscando,neg,39.390973,1
dos años,pos,37.801642,1
dos años,neu,57.876467,1
dos semanas,pos,46.509182,1
dos semanas,neu,53.176405,3
Downing Street,neu,59.152806,1
Downing Street,neg,49.752994,2
Dr,neu,59.606463,1
Dr,neg,68.00855,1
Dr,neg,63.527636,1
Dr,neg,75.048617,1
Dr,neu,54.953304,1
Dr,neu,52.45952,1
Dr,pos,52.312552,1
Dr.,neg,50.497893,1
Drottninggatan (Queen Street,neg,88.258826,1
Dublin,neg,57.419488,2
Dublin Regulation,neu,68.789381,1
DUP,pos,63.086933,1
East,neu,59.065598,1
Ebba Åkerlund,neu,86.704634,3
Ebrima Jallo,neu,41.943375,1
Ed Sheeran,pos,69.015236,1
Edinburgh,neg,46.889472,1
eight hour,neg,65.66131,1
Eighth,neg,52.191834,1
Eighth Amendment,neu,69.510561,3
Eighth Amendment,pos,67.676851,1
El Salvador,neg,58.167416,1
Election,pos,55.043194,1
Elyce Arons,neu,70.13479,1
emeritus professor,neu,74.63449,1
Emmanuel Igunza,neu,70.037251,1
Empire State of Mind,neg,44.466473,1
empress,neg,84.138983,1
Endless love,pos,58.97705,1
England,neg,69.704007,2
England,neu,61.500791,1
England,neg,71.61495,1
England,neu,81.351837,4
England and Wales,neu,60.6396,2
English,neu,69.287642,1
English,pos,73.987237,3
English,pos,55.412277,13
English Democrats,neg,71.437992,1
English Parliament,neu,52.275327,1
English Parliament,neu,50.460855,12
English regional assemblies,neg,57.255213,1
English votes for English laws,pos,43.1816,7
entertainment.news@bbc.co.uk,pos,47.148833,1
entertainment.news@bbc.co.uk,pos,47.148833,1
EPA,neu,40.063786,1
EPA,neu,87.248745,4
EPA,neg,48.262912,2
EPA,neg,58.597979,1
EPA,pos,45.555007,1
EPA,pos,60.971825,1
ERC,neu,69.733375,6
Erin Griffith,pos,46.642479,2
Eritrea,neu,74.060643,13
Eritrean,neg,38.71693,2
Eritreans,pos,39.529407,1
Espagne,pos,43.260566,1
Essex,pos,62.930608,1
Estado,neu,52.182414,2
Estados Unidos,neu,46.246655,6
Estados Unidos,neu,51.257067,4
estadounidense,neg,68.782319,2
estadounidense,neg,43.280647,1
estadounidense,pos,38.441255,1
Estee Lauder,neu,62.205106,1
Esther O'Hara,neg,62.461864,6
Etats-Unis,pos,37.626174,1
Ethio Telecom,neg,48.118747,1
Ethiopia,neg,70.53834,18
Ethiopia Boundary Commission,neu,38.793434,2
Ethiopian,neg,55.814845,4
Ethiopian Airlines,neu,44.141198,2
Ethiopian Electric Power,pos,60.054877,1
Ethiopian People's Revolutionary Democratic Front,neu,78.419739,4
Ethiopian Shipping and Logistics Services Enterprise,pos,51.642805,1
EU,pos,44.199287,2
EU,neg,62.416579,2
EU,neg,56.868406,3
EU,neg,69.410566,5
EU,neg,71.364699,13
EU,neu,55.147284,1
EU,neg,75.885434,5
EU,pos,41.759991,1
EU,neg,75.346469,1
EU,neu,68.572982,12
Euronext,neg,60.00992,1
Europe,neg,39.248335,2
Europe,neg,40.741578,1
Europe,neu,39.873492,1
Europe,pos,69.214664,3
Europe,neu,40.392632,1
Europe,pos,75.423213,2
Europe,pos,51.41845,6
Europe,neu,49.75981,1
European,pos,70.972785,7
European,neg,59.500713,1
European citizen,neu,62.54042,1
European Commission,neg,55.850324,2
European Communities,pos,44.453568,1
European Community,neu,69.4747,1
European Convention on Human Rights,neg,51.429277,2
European Council,neu,53.483446,1
European Court of Justice,neg,59.263716,1
European Economic Area,pos,50.779188,6
European Innovation Council,pos,59.80357,3
European parliament,pos,48.778503,1
European Parliament,neg,59.614788,1
European Research Council,pos,63.82273,1
European Union,neg,51.326749,1
European Union,pos,35.296456,1
European Union,neu,73.134238,2
European Union,neg,54.353736,1
EU's customs union,neg,66.621529,1
EU's customs union,neg,49.666761,2
Evening Standard,neg,74.556118,1
Evening Standard,neu,73.478571,1
Everton Arsenal,neu,61.633728,1
exdirector ejecutivo de Uber,pos,35.105361,1
executive director,neu,74.559841,1
Expressen,neg,95.071619,1
ex-prime minister,neg,50.848124,1
Fédération ghanéenne de football,neu,58.241038,1
Féile an Phobail,neu,61.166387,1
février 2019,neu,54.737483,1
Facebook,pos,63.897509,1
Facebook,pos,57.046762,3
Facebook,neu,55.848877,1
Facebook,neu,38.930624,1
Facebook,pos,41.161381,1
Facebook,pos,78.509283,1
Facebook,neu,73.207361,1
Facebook,pos,68.413737,1
Facebook,pos,68.809949,1
Facebook,pos,61.467051,7
Facebook,neg,55.333913,2
Fairfax Media,neg,39.734569,1
Faisal Maassarani,pos,77.421231,4
Fana Broadcasting Corporate,neg,61.313107,1
February,neu,61.927686,1
February,neg,55.055714,1
Ferenak Amidi,neu,41.198414,1
field manager,neg,64.214554,1
FIFA,neu,63.57342,1
filmmaker,pos,70.19298,1
Financial Times,neg,60.243077,2
Finland,neu,48.276814,1
Finsbury Park,neg,75.431624,2
Finsbury Park,neg,68.369091,1
Finsbury Park Mosque,neg,81.517633,1
Fire Brigades Union,neg,65.292898,3
First Minister,neu,45.494251,1
first minister,neu,67.01392,1
first two weeks,neu,58.977144,1
first year,neu,54.068179,1
Fishguard,neu,48.037154,1
five hours,neg,60.424629,1
five minutes,neg,54.950324,1
five years,neu,38.061152,1
five-year,neu,67.572451,1
Fleet Street,pos,65.711404,1
Florencecourt,neu,76.748788,1
Florentine Crescent,neu,69.75715,1
Florentine Terrace,pos,46.001846,1
Flowers,neg,71.640305,1
Flying solo,neg,52.180734,1
Football League,pos,39.488196,2
Foreign and Commonwealth Office,pos,59.212049,6
Foreign Minister,neu,36.507681,1
Foreign Minister,pos,70.415165,1
foreign secretary,pos,52.753944,1
"Fort Lauderdale, Florida",pos,52.48784,1
Fortwilliam Bridge,neg,40.883512,1
four decades,neg,66.229922,1
four weeks,neu,72.323125,1
four years,pos,48.2205,1
four years,pos,56.773932,1
four years,neu,71.627536,1
four-foot,neu,48.679732,1
four-year,neu,45.826076,1
France,neu,51.725871,1
France,neu,44.730265,1
France,pos,57.339911,1
France,neu,52.369077,1
France,neu,73.299509,1
Frances Beatrix,neg,59.803462,1
Frances Valentine,pos,60.583867,1
Francia,neg,46.79511,1
Francisco Monaldi,neu,70.323942,4
Frank Bruno,pos,52.655791,2
Frank Lampard,neu,53.904697,2
Frederick William,pos,51.355142,1
Fredric March,neu,55.337333,1
French,neg,52.572416,1
Friday,neu,70.581841,1
Friday,neu,81.794326,1
Friday,neu,77.12337,1
Friday,neg,53.01767,1
Friday,neu,81.794326,1
Friday,pos,79.015023,1
FTSE 100,neg,64.691317,1
Furu-Awa,neg,45.926947,1
Future,pos,72.284144,1
Futures Congress,neu,75.710408,1
Gabon,neu,55.784717,1
Galapagos,neu,58.147501,1
Galapagos Marine Reserve,neu,49.046649,1
Galway,neu,40.607235,1
GamesRadar,neu,63.503195,1
Garage & Commercial Vehicles Ltd,neu,64.214326,1
Garage and Commercial Vehicles Ltd,neu,68.696082,1
Gary McKinnon,neg,42.581267,1
Gen,neu,75.036887,1
general,pos,50.309195,1
general,neg,55.383269,1
general,neg,39.645301,1
General,pos,55.339237,1
Geneva,neu,75.319058,1
George Atkinson,neg,72.439613,2
German,pos,55.882234,1
German,neu,70.525987,1
German,neu,58.140231,1
German,neu,67.191918,1
Germany,neg,67.081951,1
Germany,neu,41.913972,1
Germany,neu,63.347903,1
Getty Images,pos,48.774488,1
Getty Images,neu,59.028579,1
Getty Images,neg,61.837299,2
Getty Images,pos,69.636679,1
Getty Images,pos,57.7018,4
Getty Images,neg,64.608985,2
Getty Images,pos,72.530034,1
Getty Images,pos,48.236261,1
Getty Images,neg,39.495913,1
Getty Images,pos,57.681637,1
Getty Images,neg,52.588998,4
Getty Images,neg,53.425313,2
Getty Images,pos,57.749593,1
Getty Images,neu,73.304737,1
Getty Images,neu,59.046194,3
Getty Images,pos,67.900367,3
Getty Images,pos,85.304398,4
Getty Images,neg,55.1136,1
Getty Images,pos,45.023964,4
Getty Images,neg,40.748206,1
Getty Images,neu,43.132917,2
Getty Images,pos,50.377618,1
Getty Images,neu,49.150593,3
Getty Images,neu,51.581642,1
Getty Images,neg,42.497279,2
Getty Images Image,neg,68.209989,5
Getty Images Image,neu,57.076098,2
Getty Images Image,neg,43.145501,1
Getty Images Image,pos,47.365038,2
Getty Images Milo Sutcliffe,neg,42.896252,1
Ghana,neu,52.671066,2
Ghana,neu,45.068251,1
Ghana,neg,72.24208,4
Ghana,neu,94.213307,3
Giles,neu,76.894142,1
Gitega,neu,54.194302,1
Giuliani,neu,64.092116,1
Gizmodo,neg,52.911647,1
Gizmodo,neg,47.589057,1
Gladys Mary Baldwin,neg,52.661362,2
Glasgow,neg,75.6081,15
Glasgow 2014,neg,40.168812,2
Glasgow School of Art,pos,86.725778,6
Glastonbury Festival,neu,75.657186,2
Glendalough,neg,42.70818,2
Glenn Campbell,neg,47.07897,1
Glenn Thrush,pos,54.115977,1
Global Detention Project,neu,75.147285,1
God Bless America,pos,60.651309,1
God Bless America Donald Trump,pos,53.938387,3
Goma,neg,45.879777,1
Google,neu,72.802078,5
Google,neg,52.62268,1
Google,neu,49.717665,1
Google,neg,72.264834,5
Googling,pos,44.870534,1
Gor Mahia,neu,70.291419,1
Gordon Brown,pos,49.114809,1
Gordon Lewis,neg,51.619439,1
gouverneur,neu,67.169121,1
gouverneur,neu,41.775698,1
gov.uk,pos,52.896986,1
Govan,neu,64.114772,2
Graham Ashton,neg,57.326942,2
Grainne Taggart,neu,47.21678,1
Grainne Teggart,pos,62.655825,1
Great Britain,neg,63.657712,4
Greater Manchester,neu,88.776424,3
Greece,pos,49.341624,1
Green Party,neg,63.546191,1
Green Party,neg,49.354559,1
Grenfell,neu,38.143882,1
Grenfell,pos,62.794645,1
Grenfell,neg,61.289741,2
Grenfell,neg,46.97866,1
Grenfell Tower,neg,89.875446,5
Grenfell Tower,pos,53.622521,2
Guangzhou,neg,82.37252,4
Guardian,neu,65.833841,1
Guardian,neu,66.819647,1
Guardiola,neu,47.157525,1
Guatemala,pos,42.16838,1
Guatemala,neg,55.055026,1
Guatemala,neg,91.794479,4
Guatemalan,neu,75.617107,1
Gucci,neu,55.698883,1
Gustav Klimt,pos,49.108142,1
Guttmacher Institute,neu,39.289772,2
Guy Verhofstadt,neg,73.568905,2
Hailemariam Desalegn,neg,64.406272,1
Haitians,neu,41.206122,1
Haki,pos,38.808962,4
Halle,neg,52.70755,1
Hallelujah Lulie,pos,52.736184,1
Halo,pos,52.125582,1
Hamid Karzai,neg,66.391497,1
Hammad Safi,pos,43.405911,1
Hannah Gelbart,pos,60.81535,1
Harish Suthi,neu,45.425152,1
Harley Medical Group,pos,61.206909,1
Harold Mary Wilson,neg,71.30993,15
Harold Wilson,neg,61.108608,14
Harrods,neg,40.417032,1
Harrods,neg,69.573949,2
Harrow Times,neu,71.60706,1
Hatfield Coroner's Court,neg,66.93195,1
Health and Safety Executive,neg,64.416384,1
Health Secretary,neu,78.588186,1
Health Service,neg,43.244151,1
Heather Nauert,pos,53.911193,1
Helensburgh,pos,49.430272,3
Henri van Breda,neg,97.271962,11
Henrik,neu,41.63764,1
Herculaneum,neu,76.108445,1
Heritage Ireland,neu,60.313707,1
Hertfordshire Geoffrey Sullivan,neg,88.491881,2
Heston Blumenthal,pos,50.095249,1
High Court,neg,51.002812,1
High King of Munster,pos,60.19234,1
High Street,neg,73.067594,1
Hill House,neu,55.985758,10
Holland,neu,47.397261,1
Hollywood,neu,54.9002,1
Holyrood,neu,69.074074,1
home affairs correspondent,pos,45.934417,1
Home editor,pos,45.349109,1
Home Office,neg,70.481682,4
Home Secretary,pos,49.872718,1
Honduras,neg,60.382173,1
Honeyman,neg,45.907557,1
Hook Head,neu,76.609953,1
Horn of Africa,pos,55.985433,1
House for an Art Lover,pos,47.101945,2
House of Commons,neg,50.030957,2
House of Commons,neg,61.243494,1
House of Commons,neg,50.418847,1
House of Fraser,pos,43.998338,4
House of Fraser,neg,81.321932,2
House of Fraser,pos,60.895492,3
House of Lords,neg,65.129312,4
Houses Of Parliament,neu,88.557886,1
HOVA,pos,43.716927,1
How Did,pos,37.679858,1
Howells,pos,56.357792,7
HTC,neg,44.104358,2
https://t.co/L1rIawrzJ4,pos,60.408391,1
Hugo Bachega,neu,55.768758,1
Human Rights Commission,pos,62.646105,1
Human Rights Watch,pos,50.984267,1
Humane Society International,neg,60.787408,3
Hunt,neg,64.197073,1
I like it,pos,66.959174,1
Iain Duncan Smith,pos,52.912045,1
IEA,neg,35.772388,1
IGN,neg,43.081921,1
Ikea Group,pos,59.438054,5
Ilhan Omar,pos,41.352692,1
Illegal fishing,neu,71.747394,1
IMF,pos,48.469411,1
Imran Khan,neg,46.805543,1
India,neu,70.444433,1
India,pos,55.694785,2
India,neu,44.72037,1
Indian,neg,51.726575,3
Indian,neu,48.119219,1
Indonesia,neg,43.113045,1
Indonesia,pos,49.008851,2
Information Minister,neu,48.482655,1
Inglaterra,neu,41.909466,1
Insp McGowan,neg,90.720349,5
Instagram,neg,81.80567,1
Instagram,pos,56.944051,1
Instagram,pos,52.407323,1
Instagram,pos,68.320202,2
Instagram,pos,54.81238,2
Instagram,neu,66.003099,1
Instituto Baker,neu,59.997388,1
Instituto VIPER,neu,37.667438,1
Intel,neg,40.719621,1
Inter,pos,50.226305,1
International Laws of Armed Conflict,neu,71.11895,1
Internazionale,pos,38.073909,1
IPPR,neg,48.385548,1
Irán,pos,37.476512,1
Iraq,neu,71.939013,1
Iraq,pos,49.345703,3
Iraqi,neu,74.930991,1
Iraqi security forces,neg,47.926486,1
Ireland,pos,85.437301,9
Ireland,pos,71.05124,1
Ireland,pos,60.556897,1
Ireland,neg,62.290334,2
Irish,neu,50.707713,6
Irish,pos,70.920724,3
Irish,neu,65.603584,1
Irish border,neg,66.105392,1
Irish border,neg,61.644643,1
Irish border,neg,62.904173,1
Irish government,neu,52.409441,1
Irish Sea,pos,69.123592,1
Irreplaceable,pos,43.990595,1
Islam,neg,54.904858,1
Islamic,neg,70.095278,1
Islamic State,neu,56.935451,1
Islamic State,neg,60.588582,1
Islamic State,neg,48.499268,3
Islamic State,neu,67.07117,1
Isles of Scilly,neu,60.678742,1
Italian,neu,55.996423,1
Italie,neu,48.976045,2
Italy,neu,69.610888,1
Italy,neg,52.556867,1
Italy,pos,60.089563,1
Italy,neu,64.558802,1
Izzo,neg,45.864497,1
Jack,pos,54.882205,1
Jack Grealish,neu,63.938663,1
Jack Sheldon,pos,49.660246,5
Jack Taylor,neu,35.921795,1
Jackson,pos,45.068053,2
Jackson Lu,neg,53.48175,3
Jaclyn Skurie,neu,66.421178,1
Jacqueline Savitz,neu,56.049411,4
Jaggery,neu,43.694251,1
Jamaal Lascelles,neu,65.708121,1
James Corden,neg,38.250012,1
James Gallagher,pos,53.635757,1
James Howell,neg,53.21446,14
James Mason,neu,50.226205,1
James Murphy,pos,45.612797,1
James Stewart,pos,61.148809,1
Jan Oblak,neu,67.241741,1
Janet Gaynor,neu,66.911602,1
January,neu,62.379402,1
Japan,neg,68.444504,4
Japan,neu,64.339364,2
Japan,pos,55.725923,1
Japan,neu,49.095655,5
Japanese,neu,57.535516,1
Japanese,neg,48.408879,3
Jay-Z,neu,44.407088,7
Jay-Z go Crazy,neg,52.217848,2
Jean-Pierre Bemba,neg,44.44775,2
Jefe del Centro,pos,48.587238,1
Jeff Sessions,neg,50.703043,5
Jeffrey Donaldson,pos,57.107649,1
Jennie Jenkins,pos,53.60563,1
Jennifer Sutcliffe,neg,91.436041,4
Jennifer Sutcliffe,neu,54.673539,2
Jeremy,neu,48.478232,4
Jeremy Corbyn,pos,82.988018,1
Jeremy Corbyn,neu,46.405631,1
Jeremy Corbyn,neg,87.289795,2
Jeremy Hunt,pos,63.328157,4
Jessica Lussenhop,neg,57.121487,1
Jewish,neg,67.122444,1
Jez Guggenheim,pos,45.04866,1
Jim Wells,neg,48.475064,1
Jimi Hendrix,neu,68.95351,1
Jimmy Choo,neu,71.949519,1
Joanna Cherry,neu,76.659418,1
Joe Taylor Image,neg,53.920482,1
John,pos,52.176236,3
John Betjeman,neu,73.27005,1
John Denham,neg,73.306807,2
John Hugh,pos,50.046197,1
John Jones,neg,52.625236,3
John McDonnell,neu,40.739242,2
John Nicholson,neg,57.765981,3
John Prescott,neg,68.242946,3
John Terry,neu,58.635595,2
John W Nicholson,pos,50.822743,1
Jonathan Amos,pos,56.901607,1
Jonathan.Amos-INTERNET@bbc.co.uk,pos,35.789593,1
Josef Hoffmann,pos,58.984013,1
Joseph,neg,65.504612,1
Joss Whedon,pos,62.310231,1
Jude Law,pos,64.723364,1
judge,neu,79.27408,1
judge,pos,54.030133,1
Judge,neg,60.853981,1
Judge,neg,66.909708,1
Judge,neu,54.067281,1
Judy Garland,pos,38.605282,1
jueves,neu,50.752433,1
Julian Hodge,neu,53.813666,1
Julian Monaghan,pos,48.120098,7
Julian Smith,pos,43.707237,1
July,neu,59.534894,1
June 14th 2017,pos,56.676931,1
junio,neg,40.232109,1
Justin Trudeau,neg,51.774685,5
Kabul,neg,64.796033,2
Kantar Worldpanel,pos,38.342535,1
Karen Bradley,neu,45.452793,1
Karen Bradley,neg,58.959783,1
Kate Clark,neg,42.377403,4
Kate Spade,neg,99.819944,34
Kate Spade Husband,neg,54.884589,1
Kate Valentine,neg,59.350383,2
Katherine Noel Brosnahan,neg,46.391236,1
Katy Perry,neu,59.123565,1
KCNA,neg,52.413611,1
Keinan Davis,neu,66.225599,1
Keith Churchhouse,neg,58.917429,3
Keith Richards,neu,64.437496,1
Ken Clarke,pos,60.555752,1
Kenneth Allen,pos,36.279823,1
Kensington Council,neg,40.223911,1
Kenya,neu,62.405212,1
Kenyan,neu,75.041251,1
Keppie,neg,43.324255,1
Kevin Ponniah,neg,46.938759,1
Kevin Roose,neg,59.053519,3
Kids Help Phone,neu,76.739961,1
KIII,neg,93.009419,2
KIII,neu,43.683002,1
Kilkenny,neu,43.963787,1
Kilkenny Castle,pos,54.811862,2
Kilkenny city,neg,43.931302,1
Kim Jong,neg,57.488031,1
Kim Jong-un,pos,87.264949,9
Kim K,neu,52.01611,1
Kim Kardashian West,neg,56.885433,1
King,neg,68.86185,1
King,neg,64.287934,1
king,pos,57.817434,1
King of Clubs,neg,85.735516,1
King of Clubs,neg,35.892305,1
Kirby,pos,58.690899,1
Kiribati,neu,90.668562,4
Kirkby,neg,38.555136,1
Knightsbridge,neu,60.618086,1
Koran,neu,63.379036,1
Kris Kristofferson,neu,63.093852,2
Kuala Lumpur,neu,54.717602,1
Kunduz,neg,51.33321,1
Kunduz province,neg,78.298885,1
Kwesi Nyantakyi,neu,52.257068,2
La Liga,pos,38.81486,3
La Reunion,neu,66.608841,1
La Verdad,neu,62.527641,1
Labour,pos,76.839239,1
Labour,pos,52.201745,11
Labour,neu,48.849213,7
Labour,neg,77.216349,1
Labour MSP,neu,58.882785,1
Labour Party,neg,62.385297,6
Labour Party,neu,46.673102,3
Lachlan Goudie,neu,72.677639,4
Lady Wilson,neg,85.737347,6
last August,neg,63.972019,1
last August,neg,52.217041,1
Last December,pos,49.880959,1
last June,neg,68.263714,1
Laura Kuenssberg,neu,75.459718,1
Laura Kuenssberg,neg,57.285538,2
Laura McMahon,neu,70.64678,1
Lawless,neg,42.029182,2
Lawless,neu,57.101543,1
Lawrence Levy,neu,72.665439,1
lawyer,pos,51.811716,1
Lea Michele,neg,68.311446,1
Lemonade,neu,46.886507,1
Lena Wahlberg,neu,70.760169,1
Leo Varadkar,neg,72.225506,1
Leo Varadkar,pos,67.946944,4
Les Allamby,neg,80.186486,1
Leslie Berlin,neu,40.953551,1
Leslie Boye,neg,43.446863,1
Leslie Boyer,neg,72.939329,1
l'Etat français Emmanuel Macron,neu,56.612773,1
Lev Lesokhin,pos,59.095286,2
Liam Fox,neg,52.274467,1
Liam Fox,neg,39.023893,2
Lincolnshire,pos,43.912668,1
Lion Television,neg,56.132831,1
Little Chef,pos,46.517088,1
Liverpool,neu,65.154572,1
Liverpool,neu,43.467155,4
Liverpool Echo,neu,62.561914,1
Liverpool Roberto Firmino,neu,62.949672,1
Logan,neg,70.887968,1
Logone Oriental,neu,70.159653,1
London,neg,46.764254,1
London,pos,67.182287,3
London,neu,54.972667,1
London,pos,55.904726,2
London,neg,90.699169,2
London,neg,57.016766,2
London,neg,75.645502,2
London,pos,41.762615,1
London,pos,45.506707,1
London,pos,54.644535,1
London,neg,71.138083,1
London,neg,89.962108,2
London,neg,71.612097,4
London,pos,41.407258,2
London Fire Brigade,neu,42.24669,6
London Fire Brigade,pos,66.025305,4
London Stock Exchange,neg,67.418042,1
Londonderry Crown Court,neg,54.660755,2
Lora Jones,pos,59.943686,1
Lord,neu,80.519285,1
Lord Chancellor,neu,74.955793,1
Lord Irvine,pos,67.418739,1
Lord Kerr,neg,46.812485,3
Lord Kerr,neg,57.608171,2
Lord Leveson,neg,52.147371,1
Lord Rothermere,pos,69.023984,1
Lords,neg,65.991304,3
L'Oreal Paris,pos,67.339427,3
Los Ángeles,neu,64.921497,1
Los Angles,neg,68.390462,1
LSE,neg,55.652186,1
Luc Nkulula,neu,39.344984,2
lundi,neg,50.41379,1
M.,neu,68.730764,1
México,pos,40.178573,1
Maïlys Dereymaeker,neg,52.974768,1
MAC Cosmetics,pos,53.995729,1
Mackintosh Building,pos,47.489345,1
Mackintosh House Back,pos,52.54582,1
Mackintosh's,pos,52.648481,15
Macron,neu,51.820345,1
Maddy Savage,neg,80.399726,5
Mademoiselle,neg,47.012116,1
Madrid,pos,53.48885,1
Mail,neg,44.837616,10
Mail Online,neg,70.295194,3
Maine,neu,49.722919,1
Maj Gen,neg,70.96116,1
Makram Ali,neg,79.932367,4
Malaysia Airlines,neg,66.000555,3
Mali,pos,37.476192,1
Malte,neg,45.517967,1
Mamoudou Gassama,pos,40.216667,1
manager,neu,69.138179,1
managing director,pos,43.013505,1
Manchester City,neu,58.248281,1
"Manchester United, Chelsea",neu,73.733046,1
Mandarin Oriental Hotel Group,neg,72.391361,3
Mandarin Oriental Hyde Park,neg,76.140874,4
Manhattan,pos,42.995789,1
Manodh Marks,neg,94.766125,12
Manuel Quevedo,neg,41.977699,4
Maplins,neu,51.528139,1
Margaret Beckett,neg,66.5002,2
Margaret Macdonald,pos,65.070815,5
Marie Kide,neg,68.96255,2
Marie-Louise Connolly,pos,40.411452,1
Mario Lemina,neu,63.812256,1
Mario Taracena,pos,41.889608,1
Mark Easton,neg,46.858862,1
Mark Ronson,neu,53.049122,1
Mark Savage,pos,59.963496,1
Mark Zuckerberg,neu,45.73961,4
Marli,neg,83.183155,2
Martin,neg,98.930859,7
Martin Seaward,neu,70.774455,1
Martyr,neu,58.737156,1
Marvin Gaye,pos,75.536004,2
Mary Beard,neg,46.814407,1
Mary Lou McDonald,neu,52.47996,1
Maryhill and Scotland Street School,neu,73.321783,1
Mateo Kovacic,neu,61.22288,1
Matt Glass,neg,80.387256,1
Mauritius,neu,65.819824,1
May,pos,52.764861,1
mayo,neg,62.991968,1
mayor,pos,51.549852,1
Mayor,pos,34.538486,1
Mchezaji,neu,60.704475,1
Medio Oriente,neg,33.882941,1
Meg Russell,neu,47.254287,1
Melanie Leech,neg,91.920711,5
Melbourne,neu,71.642119,1
Melbourne,pos,81.086336,2
Melbourne Airport,neu,73.434587,1
Memorial Wall,neg,57.777429,1
Mesa Police Department,neg,60.804183,1
Met Police,neg,62.015714,1
Metro,neg,76.743269,2
Metro,pos,61.416682,1
Metropolitan Police,neu,64.539589,2
Mexican,pos,68.525521,1
Mexico,neg,68.176792,1
Mexico,neg,44.731036,1
Mexico,neu,72.746312,3
Meyeres,neu,48.837992,1
miércoles,neu,48.386759,1
Miami,neg,54.136306,2
Michael Flynn,neu,57.245076,1
Michael Gove,neg,45.693483,1
Michael McInerney,pos,52.144671,3
Michel Barnier,neu,68.559983,1
Michelle Brané,neg,47.455557,1
Michelle O'Neill,neg,56.006024,1
Mick Jagger,neg,54.074819,1
Migrant Rights and Justice,neu,57.748893,1
Mike Kenny,neu,81.147953,1
Mike Kenny,neu,40.026883,5
Milankovitch,neu,80.281226,1
miles de millones de años,neu,36.289127,1
millones de años,neu,50.047978,3
minister,neg,62.024553,1
Minister,neg,40.091866,1
minister,neu,77.945922,1
minister,neu,57.247734,1
ministers,neu,84.074274,1
ministers,pos,47.115773,1
ministers,pos,54.340861,1
ministers,neu,64.025337,1
Ministers,pos,56.725204,1
ministers,pos,42.548413,1
ministers,neu,59.228164,1
ministers,pos,61.465573,1
ministers,neu,59.740103,1
Ministry of Fuel,neu,45.861305,1
Mintel,pos,76.227099,3
Mirror,neu,70.501189,3
Misoprostol,neu,71.260767,2
Misostropol,neu,48.366966,2
Miss,pos,66.506339,1
MLA,neg,50.246712,1
Mohamed Ali,neu,68.428654,1
Mohamed Salah,neu,58.888217,1
Mohammed Al-Fayed,neu,64.576502,1
Monday,neu,59.280073,1
Monday,neu,38.645805,1
Monde,neu,49.924112,1
Moon Jae-in,pos,61.620268,1
Moqtada Sadr,neg,69.667463,8
Moscow,pos,58.477597,1
Mothercare,pos,40.306751,1
Mothercare,neg,44.051318,1
Mouvement de Libération du Congo,pos,59.75662,2
Moyola,neu,81.933107,1
Moyola river,neu,69.438224,1
MP,neu,45.955762,1
MP,neg,86.217958,1
MP,pos,60.750535,1
MPs,neu,82.561104,1
MPs,pos,53.345116,1
MPs,pos,46.619533,1
MPs,neg,42.966308,1
MPs,neg,49.716289,1
MPs,neu,79.555396,1
MPs,neg,53.966205,1
MPs,pos,58.837838,1
MPs,neu,67.238111,1
MPs,pos,49.134793,1
MPs,pos,37.467863,1
MPs,pos,45.852572,1
MPs,neu,61.33125,1
MPs,neg,52.637072,1
MPs,pos,66.490272,1
MPs,neu,63.477746,1
MPs,pos,41.705938,1
MPs,neg,89.882988,1
MPs,pos,46.433633,1
Mr,neu,81.69937,1
Mr,neg,47.271918,1
Mr,neu,48.881343,1
Mr,neu,36.396474,1
Mr,neg,74.657493,1
Mr,neg,52.258131,1
Mr,neu,82.508416,1
Mr,pos,42.149303,1
Mr,pos,48.810001,1
Mr,neu,80.058383,1
Mr,neg,79.575544,1
Mr,neg,65.052623,1
Mr,neg,66.657515,1
Mr,neu,63.799188,1
Mr,neu,50.840684,1
Mr,neg,59.001559,1
Mr,neg,52.236265,1
Mr,neg,46.746019,1
Mr,neg,48.817085,1
Mr,neu,72.454479,1
Mr,pos,48.774877,1
Mr,pos,43.964483,1
Mr,neg,51.320796,1
Mr,neg,79.284426,1
Mr,pos,61.279854,1
Mr,neu,39.511768,1
Mr,pos,47.486951,1
Mr,neg,46.905651,1
Mr,neu,74.615506,1
Mr,neu,78.78064,1
Mr,neg,81.815697,1
Mr,neg,65.339312,1
Mr,pos,71.620505,1
Mr,neg,76.572096,1
Mr,pos,35.763661,1
Mr,neg,51.164409,1
Mr,neg,60.327519,1
Mr,pos,50.910115,1
Mr,neu,59.526348,1
Mr,neg,58.662702,1
Mr,pos,49.364867,1
Mr,neg,70.142526,1
Mr,pos,45.690751,1
Mr,neg,55.736344,1
Mr,neu,68.764477,1
Mr,neg,47.381969,1
Mr,neu,73.775768,1
Mr,neu,78.91107,1
Mr,neg,65.428263,1
Mr,neg,86.68599,1
Mr,pos,46.460438,1
Mr,neg,60.374433,1
Mr,pos,58.397913,1
Mr,neu,70.914945,1
Mr,neu,71.248215,1
Mr,neg,54.848382,1
Mr,neu,68.375084,1
Mr,neg,65.263508,1
Mr,neu,62.813872,1
Mr,neg,89.220361,1
Mr,neg,59.313508,1
Mr,neg,44.018424,1
Mr,neg,65.029225,1
Mr,pos,56.159675,1
Mr,neu,49.601792,1
Mr,neg,68.902416,1
Mr,neu,37.990464,1
Mr,pos,40.4586,1
Mr,neu,50.108196,1
Mr,pos,50.986601,1
Mr,neg,44.269387,1
Mr,pos,48.298938,1
Mr,pos,45.497212,1
Mr,neg,54.540328,1
Mr,neg,60.960974,1
Mr,pos,66.506618,1
Mr,pos,49.609654,1
Mr,pos,63.986724,1
Mr,pos,58.789891,1
Mr,pos,52.932535,1
Mr,neg,49.884708,1
Mr,pos,59.567309,1
Mr,neu,76.177806,1
Mr,pos,48.124582,1
Mr,pos,48.36444,1
Mr,neg,49.648644,1
Mr,neu,41.321518,1
Mr,pos,54.378336,1
Mr,pos,57.481015,1
Mr,neg,73.451108,1
Mr,neu,73.611453,1
Mr Moon,pos,66.594785,1
Mrs,neg,53.702969,1
Mrs,neg,69.282068,1
Mrs,pos,57.295866,1
Mrs,neg,54.883114,1
Mrs,pos,60.001437,1
Mrs,neg,47.251824,1
Mrs,pos,50.590394,1
Mrs,neg,63.77018,1
Mrs,pos,61.114796,1
Mrs,neg,47.995069,1
Mrs,neg,48.371301,1
Ms,neg,40.677965,1
Ms,neg,77.835365,1
Ms,neu,64.101453,1
Ms,neu,78.187361,1
Ms,neg,83.51027,1
Ms,neg,48.468359,1
Ms,neg,66.907983,1
Ms,neg,45.834352,1
Muppet,neu,50.759521,1
Muslims,neg,63.14033,2
Myopia,pos,59.412365,1
Napoli Jorginho,neu,39.094503,2
NASA,neg,46.745472,4
Nathalia Passarinho,neu,43.079186,1
Nathan Gault,neg,96.086896,13
National Geographic,neu,36.35702,1
NAtional Trust for Scotland,neu,61.16251,10
National Trust for Scotland Image,pos,51.167879,1
Native Americans,neg,46.725453,1
Nato,pos,67.856025,1
Naughty Girl,neu,67.658141,1
Nazi,neg,47.740535,1
Neil Bibby,neu,75.693835,1
New York,pos,55.177239,1
New York,neg,75.899539,3
New York,pos,51.869182,1
New York Police Department,pos,45.983553,2
New York Times,neu,43.095064,1
New York Times,pos,46.330313,1
Newcastle,neu,86.164218,3
Newgrange,pos,48.818871,2
"Newport, Wales",pos,63.094288,2
Newsbeat,pos,75.975147,3
Newsbeat,pos,44.856283,3
next March,pos,46.935877,1
NHS,pos,49.746499,2
NHS,neg,52.986851,2
NHS cash Health secretary,pos,47.893921,1
NI,neg,50.815794,2
Nicola Sturgeon,pos,46.18067,2
Nicolás Maduro,neu,51.352633,7
Nigeria,neu,63.830056,2
Nigeria,neu,69.599676,1
Nigerians,neg,47.752456,1
nine years,neu,53.72613,1
nine years,neu,54.711001,1
nine-year,neu,56.016941,1
Nizhny Novgorod,neu,74.228423,1
Nordic nation,neu,54.325079,1
Norfolk,pos,55.365902,1
Norman,neg,84.382281,2
North,neg,61.13707,1
North America,neu,81.504063,1
North America,neu,63.235314,1
North Korea,pos,69.469623,7
North Korean,pos,77.606002,4
North of England,neu,86.596083,15
Northampton,neu,40.906661,1
Northern Ireland,neg,48.516714,1
Northern Ireland,neg,42.258436,2
Northern Ireland,neg,47.054943,1
Northern Ireland,pos,62.852098,2
Northern Ireland,neg,54.075292,7
Northern Ireland,neg,63.454083,17
Northern Ireland,neg,61.347193,4
Northern Ireland Human Rights Commission,neg,63.487517,4
Northern Ireland Water,neu,72.608128,10
Norway,neg,56.497999,2
Novelist and journalist,pos,61.663231,1
noviembre,neu,49.217195,1
noviembre de 2016,neu,39.071291,1
noviembre de 2016,neu,48.643174,1
Nyx Cosmetics,neg,50.45294,1
بردية تورينو,neu,81.894374,1
برلماني,neg,56.39731,1
بریتانیا,neg,38.527822,3
بريطانيا,neu,58.702923,1
باراک اوباما,neu,42.915396,1
باریکه غزه,neu,65.833898,1
باريس,pos,50.890477,2
باسک,neu,68.893571,1
بخش فارسی,neu,88.939691,1
بخش فارسی,neu,88.939691,1
بحرین,neu,41.334606,1
بغداد,neu,48.699368,1
بغداد,neg,85.036625,2
بونت,neu,67.296918,2
بلومبيرغ,neg,37.017897,1
بن امرسون,neu,36.262215,1
بنیامین نتانیاهو,neu,65.926209,2
بی بی سی,neu,87.284108,1
بی بی سی,neu,74.957183,2
بی بی سی,neu,39.683828,2
بی بی سی,neu,72.588091,2
بی‌بی‌سی,neu,75.659767,1
بی‌بی‌سی,neu,75.659767,1
بي بي سي,neg,52.238565,2
بي بي سي,neg,52.238565,2
بي بي سي,pos,63.535455,1
بي بي سي,pos,56.154519,1
بي بي سي,neg,52.238565,2
بي بي سي,neg,52.238565,2
بي بي سي,pos,58.095913,3
بي بي سي,pos,55.176173,1
بي بي سي,pos,55.176173,1
بي بي سي,pos,55.176173,1
بي بي سي,pos,68.897838,1
بي بي سي فيوتشر,pos,63.763937,1
درع الفرات,neu,58.272089,1
داریوش رجبیان,neu,50.33855,1
داریوش رجبیان,neu,35.882168,1
دانشگاه ام آی تی آمریکا,neu,60.3281,1
دانشگاه فلوریدای جنوبی,neu,54.95765,1
دو هفته,neg,45.737644,1
دو فرانس,neg,41.735857,1
دوشنبه,neg,49.873333,1
دوازدهم خرداد,neu,77.796767,1
دولتی الاخباریه,neu,40.280043,1
دونالد ترامب,neu,49.400722,1
دونالد ترامب,neu,42.666316,3
دونالد ترامپ,neu,99.825994,5
دونالد ترامپ,neu,99.985277,7
دونالد ترامپ,neu,88.870988,1
ده میلیون سال,neu,54.64105,1
دهشور,neg,56.939727,1
دی,neu,45.534624,1
ديفيد هامبلنغ,pos,41.338736,1
شركة نانوراكس الفضائية,pos,65.044324,1
شان هالی,neu,85.144966,1
شنزن,neu,45.301459,1
شهرين,neu,46.079203,1
شهاب,neg,53.892513,1
شینزو آبه,neu,92.360235,2
شيرفان درويش,pos,41.456611,2
آذار,neg,66.551562,1
آست اي إيزيس,neu,55.825226,1
آوریل,neu,91.514416,2
آقایان,neu,88.065539,1
آمریکا,neu,95.713959,1
آمریکا,neu,99.999998,17
آمریکا,neu,84.154364,1
آمریکا,neu,97.226437,6
آمریکا,neu,97.417773,2
آمریکا,neu,50.382959,2
آمریکا,neg,40.691503,1
آمریکائیان,neu,98.685888,2
آمریکاست,neu,89.162,1
آمریکایی,neu,97.799447,2
آمریکایی,neu,99.972722,4
آمریکایی,pos,46.355821,1
آمون-رع,neu,56.008798,1
أبيدوس,neu,46.243345,3
أدريان غالاوي,neu,89.721467,2
أربعة أقدام,neg,50.692865,1
أربعة وعشرين يوما,neg,57.883947,1
أريزونا,neu,56.532776,1
أستاذة,neg,49.486855,1
أستاذة التاريخ والأدب,neu,51.242178,1
أوروبا,pos,69.13589,1
أمريكي,neg,58.749213,2
أمريكية,pos,68.856057,1
أمريكيون,neg,61.146363,1
أنجيليكا ديلوتشيا موريسي,neu,73.969808,1
أنقرة,pos,44.844302,1
أكرم حسني وأحمد أمين,neu,78.88156,1
أكتوبر,neg,55.832922,1
أيسكوينتلا,pos,50.83695,1
إثيوبيا,neg,38.255562,1
إقرأ,pos,49.148027,4
إيطالية,neu,47.470326,1
رئیس,neg,36.409176,1
رئیس,neu,56.063346,1
رئیس,neu,62.006059,1
رئیس,neu,45.765837,1
رئیس,neu,92.357117,1
رئیس,neu,85.088652,1
رئیس,neu,84.911844,1
رئیس,neu,73.601035,1
رئیس,neu,91.663275,1
رئیس,neu,79.554441,1
رئیس,neu,61.065701,1
رئیس,neu,90.8623,1
رئیس,pos,42.004177,1
رئیس,neu,76.384655,1
رئیس,neg,48.481342,1
رئیس,neu,59.62616,1
رئیس,neu,95.27823,1
رئیس,neu,97.084299,1
رئیس,neu,97.970513,1
رئيس,neu,40.278299,1
رئيس,neg,86.209021,1
رئيس,neg,59.762503,1
رئيس,neg,49.712125,1
رئيس,neg,43.62143,1
رئيس الجمهورية,pos,52.106767,1
رئيس الوزراء,pos,57.818545,1
رئيس الوزراء,neg,54.685426,1
رئيس الوزراء,neu,58.684886,1
رئيس الوزراء,neu,55.65678,1
رئيسا لوزراء الأردن,neg,57.085188,1
رضا جعفری,neu,79.080469,2
رع,pos,78.053661,2
رعمسيس -سي بتاح,neu,43.361533,4
روسيا,pos,49.975728,1
رویترز,neu,76.826859,1
رمضان,neu,42.420563,1
رپسول,pos,35.430927,1
ری یونگ-هو,neu,82.07438,1
ريف حلب الشرقي,neu,45.716663,1
ثلاث سنوات,neu,57.093244,2
ثلاث سنوات,neg,46.271595,1
ثلاثة أيام,neu,35.878942,1
ائل جمال الدين,neg,46.108691,1
اشنویه,neu,50.969595,1
ارشد,neu,79.709644,1
اروپا,neu,96.152173,1
اروپایی,neu,80.720548,1
اروپایی,neu,98.205404,2
اسرائیل,neg,50.786954,3
استاد,neu,47.290083,1
اسلامی,neu,82.501553,1
اسپانیا,pos,40.331062,1
اسپانیا,neu,99.988722,9
اقای صالحی,neu,85.648713,1
البريطانية,pos,42.911663,1
البحث الجنائي,neu,49.938565,1
البنتاغون,neu,86.860494,1
الدكتور,neg,86.638568,1
الديلي تليغراف,pos,64.60947,1
الشرق الأوسط,neg,62.37029,2
الشيعي,neu,43.765954,1
الشيعية,neg,51.480826,1
الأدميرال,pos,61.635319,1
الأربعاء,pos,67.736802,1
الأربعاء,neg,90.595725,2
الأردن,neg,62.893922,3
الأردني,pos,83.123543,4
الأردنية,pos,53.996478,3
الأزهري,pos,52.734614,2
الأقصر,neu,44.405474,1
الأمريكي,neu,89.272205,1
الأمريكي,neu,51.341139,1
الأمريكي,pos,45.871821,1
الأمريكية,pos,56.359734,4
الأمريكية,pos,63.79001,3
الأمريكية,pos,62.688816,2
الأمريكيون,neu,64.979699,2
الأمم المتحدة,neg,90.108492,1
الأفارقة,neg,44.055582,1
الأكراد,neu,66.007033,2
الإدارة الوطنية الأمريكية للمحيطات والأجواء,pos,52.268163,1
الإسلامية,neu,52.892025,2
الإسلامية,neg,69.139345,1
الإندبندنت,pos,47.886693,1
الإنترنت,pos,57.075658,3
الرئيس,neu,50.100344,1
الرئيس,neg,41.527313,1
الروس,pos,43.436112,1
الروسية,pos,43.463584,1
الرومان,pos,57.52864,1
الرياض,pos,36.196141,1
الثلاثاء,neg,81.130707,2
الاردنية,neu,46.451459,1
الاسلامية,neu,91.067414,1
الجيزة,neu,50.741845,3
الخارجية,pos,45.255197,1
الخليج,neg,75.493524,2
الخميس,pos,44.350687,1
الصومال,neg,65.179136,3
الصين,neg,80.777361,2
الصين,neg,39.777062,1
الصين,neg,49.029659,3
الصيني,neu,46.242226,2
العرب,pos,36.801518,2
العراقي,neu,82.147008,1
العراقية,neg,64.100439,2
العامين,neu,48.042873,1
الزعيم,pos,46.283412,1
الزعيم,neg,56.344387,1
الزعيم,neu,52.40427,1
السعودية,neg,42.576997,1
السعودية,neu,66.874412,1
السعودية,pos,43.680104,1
التركي,neu,75.584436,1
التركية,neu,40.289171,1
التحالف الدولي,neg,58.552033,1
الغرب,neg,63.685965,1
الغارديان,pos,55.987465,2
الحياة,pos,40.188627,1
الوزراء,neu,68.038051,1
الوزراء,neu,63.210449,1
الولايات المتحدة,neu,42.943698,4
الولايات المتحدة,neg,73.610678,2
القائد,pos,55.377683,1
القاضي,neu,70.91684,1
القاعده,neu,79.763946,1
القاهرة,neg,60.813494,1
القاهرة,pos,60.371817,1
القمر,neu,63.197758,2
اللندنية,neu,48.561846,2
المدير,neg,43.867462,1
المؤسسة الوطنية لتخفيف,neg,55.370119,1
المريخ,pos,68.446878,3
المجر,neu,87.763463,1
المجلس العسكري,neg,40.150589,1
المصري,pos,52.062763,4
المصري,pos,83.316799,4
المصري,neu,70.096468,3
المصرية,pos,60.10492,8
المصريون,pos,44.056753,3
المصريين,pos,51.995001,3
المحكمة الجنائية,neg,46.174712,1
الملك,pos,51.032605,1
الملك,pos,52.397652,1
الملك,pos,41.187565,1
الملك,pos,51.943152,1
الملك,neu,42.679327,1
الملك,pos,72.2116,1
الملك,neu,41.983387,1
الملك,neu,52.932315,1
الملك,neg,44.644214,1
الملك,neu,70.680042,1
الملك,pos,47.117525,1
الملك,neu,57.367172,1
الملك,pos,40.422691,1
الملك,pos,42.172907,1
الملك,neu,45.817464,1
الملكة,neu,71.501371,1
الملكة,pos,56.109307,1
الملكة,neu,72.4387,1
الملكة,pos,39.330826,1
الملكة,pos,40.353608,1
الملكة,neu,73.72578,1
الملكة,neu,52.152453,1
المملكة العربية السعودية,neg,65.22556,2
المنظمة الدولية,pos,56.311514,2
المُلك,pos,64.824589,1
الناتو,neu,53.782881,1
النيل,neg,68.207513,1
الفراعنة,pos,65.65498,3
الفرعون,neu,43.338111,1
الفرنسي,neu,42.126375,2
الفرنسية,pos,49.523726,3
الفرنسية,pos,36.360597,1
الفيديو,neg,60.376098,1
الكردي,pos,41.835128,1
الكردية,neu,72.159973,3
الكوري,pos,43.691969,2
الكوري الشمالي,pos,58.192874,1
الكوري الشمالي,pos,41.525376,1
الیس جانسون,neu,99.984252,9
اليونان,pos,61.477696,1
اليوناني,neu,37.286169,1
اليونانية,neu,40.518188,1
اليمن,neg,97.717962,8
افغان,neu,99.344293,1
افغان,neu,91.996332,2
افغانستان,neu,99.998011,9
ایران,neu,89.595434,2
ایران,neu,89.595434,2
ایران,neu,99.98324,20
ایران,neg,44.979411,2
ایران,neu,86.755172,3
ایران,neu,99.632789,3
ایران,neu,99.653158,7
ایران,neu,81.22193,2
ایتالیا,neu,40.251118,1
جدة,neu,61.238223,4
جدف-رع,pos,61.250538,1
جرد کوشنر,neu,56.637037,1
جاويش أوغلو,neu,63.794162,4
جامعة باريس الرابعة,neg,43.764973,1
جامعة باريس سوربون,neg,59.558561,1
جامعة أريزونا,neg,66.308499,1
جان نیکلسون,neu,48.667716,1
جو فاي,neu,68.992376,1
جنیفر ساتکلیف,neu,57.91219,2
جيبوتي,pos,42.850949,1
جينفر ساتكليف,neg,60.857746,2
جيفري مانبر,pos,56.022454,2
خبرگزاری فرانسه,neu,72.316107,1
خرداد,neu,73.963536,1
خاور میانه,neu,49.783455,1
خانم,neu,44.847769,1
خانم,neu,68.150148,1
خانم,neu,72.391543,1
خانم,neu,56.792124,1
خانم,neu,64.738417,1
خانم,neu,70.734517,1
خانم,neu,62.447373,1
خانم,neu,91.709887,1
خانم,neu,81.324274,1
خانم,neu,89.596365,1
خانم,neu,91.294771,1
خانم,neu,90.457574,1
خوان فرناندو غاليندو,neg,49.919351,2
خوفو,pos,56.98421,2
خليج عدن,pos,52.658496,1
خمسة أيام,neg,52.241688,1
صدر,neu,97.410132,5
صاحب,neu,90.560925,1
صاحب,neu,70.25116,1
صاحب,neu,95.373942,1
صاحب,neu,92.124819,1
ضبطهم,neu,59.445563,1
ضدبرجامی نتانیاهو,neu,97.690597,1
ضابط,neg,70.630099,1
طالبان,neu,99.998372,6
عبدالبصير حسن,neg,58.66704,1
عبدالرحمن الراشد,neu,64.400224,1
عبدالله الثاني,neg,43.045909,1
عبدالکریم حسین‌زاده,neu,62.007514,1
عشرة أشهر,neg,60.433026,1
عربستان,neu,95.674664,3
عربستان سعودی,neu,77.074345,2
عربستان سعودی دادگاه سعودی,neu,55.302492,1
عربي,neg,51.780615,1
عربي,neg,51.780615,1
عربي,neg,51.780615,1
عربي,neg,51.780615,1
عربي,neg,51.780615,1
عربية,pos,57.281918,2
عراق,neu,97.654581,6
عراقی,neg,42.269859,1
عام واحد,neg,40.59835,1
عصام قضماني,neu,70.850359,1
عضو کابینه,neu,72.099665,1
علی اکبر صالحی,neu,46.783911,1
علی خامنه‌ای,neg,43.227694,1
عم ضياء,neu,53.676599,2
عمر الرزاز,neg,62.034449,4
عنان,pos,44.870943,1
زعيم,pos,39.933527,1
زمین,neu,61.334885,1
سرپرست,neu,46.125759,1
سارا وخشوری,pos,36.707202,1
سازمان انرژی اتمی,neu,58.954135,2
سازمان ملل,neu,38.957239,1
ساحورع,neu,68.606294,1
سان ميغيل لوس لوتس,pos,46.778483,1
سایت فرودگاه,neu,86.76786,1
سایت فرودگاه بین‌المللی,neu,63.051418,1
سعوديون,neg,49.060223,1
سعوديين,neu,53.953412,1
ستقدم,pos,44.511754,1
ستكار,neu,52.315796,1
ستين عاما,pos,54.012737,1
سوئد,neu,63.27619,1
سوبك نفرو,pos,37.267263,3
سوريا,neu,63.542997,6
سورية,neu,47.067394,1
سوم خرداد,neu,42.590299,1
سوهاج,neg,59.631129,1
سقارة,pos,48.237506,2
سليم حسن,neu,79.658198,1
سکولار,neg,34.097708,1
سنتوزا,neu,99.739112,2
سنغافورة,neg,49.025465,3
سنگاپور,neu,99.999995,13
سنگاپوری,neu,96.127263,2
سه روز,pos,49.148631,1
سفارت آمریکا,neu,99.68099,6
سفارت افغانستان,neg,49.691325,1
سپاه پاسداران,neu,68.656119,1
سيدة,neu,50.960887,1
سيدة,neu,62.348136,1
سيدة,neu,67.508626,1
سيدة,neg,42.311158,1
سيدة,neu,51.99172,1
سيدة,neu,71.49396,1
سيدة,neg,49.123081,1
سيدة,pos,71.969409,1
سيدة,pos,47.172839,1
سيتي الثاني,pos,39.934704,2
تبریز,neu,98.582653,3
تدعى أم أحمد,pos,40.175753,1
تشرين الأول,neg,43.670418,1
ترافيللر,pos,60.543392,4
ترزا,neg,44.244998,1
تركي,pos,45.129473,1
تركيا,neu,72.285526,7
تاوسرت,pos,76.989619,8
تاكسون,neu,52.426868,1
تسع سنوات,neu,48.46539,1
تحلیلگران,neu,58.999032,1
توتال,neu,40.660658,1
تولين,neu,61.408427,1
توکیو,neu,68.611982,1
تويتر,neu,72.16658,1
تنظيم الدولة الإسلامية,neg,46.339437,1
تهران,neg,40.091109,1
تهران,neu,43.105275,1
تكساس,neg,47.187357,1
تكساس,pos,45.68876,1
Observatorio Lamont Doherty,neu,62.570198,1
Océano Atlántico,pos,36.62983,1
Oceana,neu,47.274687,4
October,pos,57.565602,1
October,neu,66.630689,1
October,neu,45.731656,1
Oculus,neg,71.447958,2
Oculus Rift,pos,69.283598,2
Odyssey Health Clubs,pos,36.837888,1
Office for National Statistics,pos,59.967209,1
Omagh,neu,42.816361,1
Omagh Coroners Court,neu,58.442084,1
On the beach,neu,73.244232,1
one hour,neg,59.7162,1
one minute,neg,43.410553,1
ONG Marie Stopes International,neu,68.789561,1
حركة الاتصالات,neg,36.93597,1
حابو سنب,neu,58.43868,1
حاتشبسوت,neg,72.349386,3
حاتشبسوت جمال,pos,67.664919,7
حامیان,neu,87.922236,1
حامیان,neg,39.143102,1
حزب الوفد,neu,90.04974,1
حزب سوسیالیست,neu,95.660805,2
حزب مستقبل,neu,80.380031,1
حزيران,neu,57.658774,1
حزيران 2018,neg,59.137091,1
حزيران 2018,neg,49.205509,1
حزيران 2018,pos,53.978886,1
حزيران 2018,neg,55.363733,1
حزيران 2018,pos,56.144463,1
حزيران 2018,pos,62.953329,1
حزيران 2018,pos,53.549077,1
حزيران 2018,pos,74.710697,1
حزيران 2018,pos,49.62597,2
حزيران 2018,neg,57.416958,1
حزيران 2018,pos,52.575963,1
حزيران 2018,pos,71.035872,1
حزيران 2018,pos,53.890913,1
حسام الخولي,neu,87.463064,1
حسن الازهري,neg,64.737431,1
غربي,neu,70.062317,1
غرينتش,neu,35.601307,1
غواتيمالا,neg,58.891956,2
غوغل,neu,56.935548,1
غيزمودو,neg,52.268682,1
Open University,neu,69.897291,1
OPEP,neu,75.259769,10
Orange Order,pos,66.707018,3
Organización de Países Productores de Petróleo,neu,39.348184,1
Organización Mundial de la Salud,neg,39.848976,4
Orison Swett Marden,pos,45.127365,2
Oromo People's Democratic Organisation,neg,44.972013,2
Oscar,neu,77.108963,1
حور,neu,73.98429,1
حور عحا,pos,42.162052,2
حماس,neu,65.303464,1
حيدر العبادي,neu,58.76851,2
Ovie Ejaria,neu,74.36976,1
Oxford,neg,76.965142,2
Oxford Street,neu,51.478737,1
PA,pos,57.337086,1
PA,neg,68.7833,5
PA,pos,37.414161,1
PA,neg,52.38708,1
PA,pos,40.068508,1
PA,neg,43.181959,2
PA,neu,64.786923,1
PA,neu,40.757837,1
Paddington,neg,80.39484,1
Paisley,neu,57.135771,1
Paisley Grammar School,pos,49.224296,1
Pakistan,neu,72.357791,1
Pakistan,neu,72.694815,1
Pakistan,neu,85.601086,1
Pakistan,neu,43.939445,1
Palantir,neg,37.639994,1
Palmer Luckey,pos,65.798166,6
Pan,pos,68.202326,2
Paris,neu,58.170374,1
Paris,neu,49.217342,1
Paris St‑Germain,neu,67.472095,1
Paris St-Germain,neu,71.773253,1
Park Avenue,neg,45.228832,1
Parlamento Europeo,neu,38.789339,2
Parliament,neu,76.212624,1
Parliament,pos,67.000734,10
Parliament,pos,50.546127,3
Parma,neu,61.506,1
Parque zoológico nacional Smithsoniano,neu,42.247367,1
Party,neu,43.616977,1
Patricia Gossman,pos,47.280863,2
Patrick Starrr,pos,51.204248,1
Paul Dacre,pos,53.17628,2
Paul Dacre,neu,65.353559,34
Paul Rincon,neg,64.764725,1
PDVSA,pos,44.256448,9
Peers,neg,58.779672,2
Penelope Evans,pos,47.149994,4
Pentágono,neu,37.727486,1
Peruvian,neu,67.091554,1
Peter Crouch,neu,76.6999,1
Peter Lynas,neu,64.452914,1
Peter Stringfellow,neg,83.000599,2
Peter Stringfellow,pos,51.030334,56
Philip Babington,neg,64.985908,3
Philip Hammond,pos,57.840336,1
Phoenix Islands Protected Area,neu,43.467769,1
Photographer,neu,41.293233,1
Pierre Nkurunziza,neu,67.504985,4
Pizza Hut,neu,66.044733,1
Plaid,neu,61.10734,1
Plymouth,neg,59.783284,1
PM,neg,59.115156,1
PM,neg,55.20179,1
PM,neg,54.000659,1
PM,neu,62.044224,1
poet laureate,neu,72.952035,1
Poker Face,pos,59.953786,1
Poland,neu,71.287754,1
Poland,neg,52.725873,1
Poland,neu,68.274664,1
Police board,neg,61.18617,1
Police Service of Northern Ireland,neu,74.88168,5
Political Correspondent,neg,50.957367,1
Pompeii,pos,69.593335,1
pontiff,neu,86.107221,1
Pope,neu,54.188349,1
Pope Francis,neu,62.111272,1
Pope John Paul II,pos,51.625977,2
Port of Cork,neu,61.402111,1
Porte Vendre,pos,48.495561,1
Portuguese,neu,56.129561,1
Poundworld,neg,76.3875,5
Poundworld,neg,60.764548,2
Poundworld,neg,62.985614,2
président,pos,41.514122,1
président,neg,55.15006,1
président,neu,41.554098,1
président,neu,50.127709,1
président,pos,40.973898,1
président,neu,40.514857,1
président,neu,63.114692,1
Prahran,pos,70.336313,1
premier,neu,52.737228,1
Premier League,neg,63.747838,11
Presbyterian,neu,80.343637,1
Presbyterian Church in Ireland,neu,63.15996,1
president,neg,46.341874,1
President,pos,67.178962,1
President,neg,39.780039,1
President,neg,65.070594,1
President,neu,69.156093,1
President,neu,77.422436,1
President,pos,45.940026,1
President,pos,60.279795,1
President,neg,64.976798,1
president,pos,46.755313,1
president,pos,79.406118,1
president,pos,68.175215,1
president,neg,57.915468,1
President,pos,62.502013,1
President,neg,44.087976,1
President,neu,57.468719,1
President,pos,36.699952,1
President,neu,75.756934,1
presidente,neu,51.306963,1
presidente,neg,49.193024,1
presidente,neu,65.222698,1
Prezzo,neg,48.745068,1
prime minister,neg,52.360311,1
prime minister,neu,48.197625,1
prime minister,neg,60.893766,1
prime minister,pos,67.249162,1
prime minister,neg,54.943084,1
Prime Minister,pos,58.188874,1
prime minister,pos,53.354006,1
prime minister,neg,51.825222,1
prime minister,neg,64.056144,1
prime minister,pos,55.25762,1
Prime Minister,neg,44.6174,1
prime minister,neu,58.106743,1
Prime Minister,neu,48.049533,1
Prime Minister,neg,53.562194,1
prime minister,neg,66.346598,1
prime minister,pos,38.703261,1
Prime Minister,pos,43.105459,1
prime minister,pos,37.334277,1
prime minister,neu,78.610106,1
Prime ministers,neu,51.320667,1
Prince,neu,72.73504,1
Prince,neu,46.158008,1
Prince Philip,neu,65.243582,1
Prince William,pos,66.142798,1
Princess Anne,neg,65.330231,1
Principality Stadium,neu,60.273177,1
Proceedings of the National Academy,neu,60.226297,2
Procter & Gamble,neu,59.87596,1
Prof,neg,46.557558,1
Prof,neu,65.495276,1
Prof,pos,64.435099,1
Prof,neg,58.245861,1
Prof,neu,40.223199,1
professor,neu,69.043688,1
professor,neg,36.64464,1
professor,pos,46.391028,1
professor,neu,69.043688,1
Professor,pos,68.692562,1
Pyongyang,pos,68.145092,3
Pyramids of Giza,neu,59.086301,1
Qatar,neg,79.849517,1
Queen,neu,63.432522,1
Queen,neg,38.713254,1
Queen,neu,67.156409,1
Queen,pos,60.762129,1
Queen,neu,78.691518,1
Queen,neu,65.202473,1
Queen,neu,48.946336,1
Queen's Cross Church,neu,65.944467,1
Quevedo,neg,46.018555,2
R Capital,neu,72.560589,2
Réal,pos,66.782838,1
République démocratique du Congo,pos,36.538792,1
Rachel Weber,neg,45.530157,1
Radio 4,pos,93.956478,1
Radio 4,neu,58.743078,1
Radio 4,neu,52.016764,1
Radio Host Accra,neu,52.419415,1
Rajiv Masand,neg,53.379652,1
Ramy Abbas Issa,neu,53.775882,1
Rangers,pos,61.676223,2
Real Madrid,neu,66.284122,3
Reality Check,neg,49.002306,1
Reality Check,pos,50.068815,1
Redacción BBC News Mundo,neu,73.122208,1
Redacción BBC News Mundo,neu,71.248767,1
Redacción* BBC News Mundo,neu,92.769089,6
Reino Unido,neu,65.639895,1
Remainers,neu,66.191434,1
Renfrew Street,pos,73.268427,1
Republic,pos,44.894649,1
Republic of Ireland,neu,66.405594,5
Republic of Ireland,pos,55.684397,1
Republic of Ireland,neg,73.68171,1
Republican,pos,43.144917,1
Resolute Support,neg,83.389815,3
Reuters,pos,55.235835,1
Reuters,neu,53.30025,2
Reuters,neg,56.498669,1
Reuters,neg,62.294855,2
Reuters,neu,75.670773,1
Reuters,pos,44.825919,7
Reuters,pos,40.250935,1
Reuters,pos,55.283115,1
Reuters,neg,55.568673,4
Reuters,neu,58.55713,2
Reuters,neg,71.315573,11
Reuters,neg,44.386612,1
Reuters,neu,59.918976,1
Reuters,neg,54.023736,3
Reuters,neg,70.734328,2
Reuters,neu,79.814423,1
Reuters,pos,71.400473,1
Reuters,neg,34.086682,1
Reuters,neg,64.088704,2
Reuters,neg,46.115121,1
Reuters,neu,64.718366,1
Reuters,pos,39.633646,1
Rev,neu,82.74658,1
Reynolds & Co,neu,62.012473,1
Reynolds and Co of Newport,neu,47.220411,1
Ri Yong-ho,neg,49.090855,2
Richard Levine,neg,57.495527,1
Rick Findler,neg,83.314858,5
RIP,pos,83.017984,1
River Shannon,pos,73.591792,2
Robbie Williams,neu,54.175194,3
Robert Johnson,neg,45.640102,2
Robert Lewandowski,neu,64.845654,1
Robert McGowan,neu,81.035221,1
Robert Ross,neg,75.089964,1
Robin,neu,77.489889,1
Rock Paper Shotgun,neg,52.219583,2
Rod Stewart,neu,73.498696,1
Rodrigo Duterte,neu,49.447105,1
Roland Harrison,neg,52.552002,1
Rolling Stones,neg,50.802044,1
Roma Alisson,neu,66.070528,1
Roman,pos,62.352644,1
Ronnie Wood,neu,79.381535,1
Rosabella,neu,82.506075,1
Rose Tyler,pos,40.284558,1
Rosie Bea,pos,49.115511,1
Rotherham,pos,55.805409,1
Royal Ballet,neg,54.282686,2
Royal Family,neu,43.269411,1
Royal Navy,pos,49.574286,2
Royal Society,neu,78.796687,1
Rudi,neg,39.577172,1
Rudy Giuliani,pos,54.003921,1
Rupert Murdoch,pos,54.39984,1
Rusia,neg,42.701577,5
Russia,pos,48.267727,2
Russia,pos,46.412913,1
Russia,pos,62.797862,1
Russia's Foreign Ministry,neu,70.586092,1
Russie,neu,64.488028,1
Ruth Davidson,pos,56.157314,1
Ruzina Akhtar,neg,62.873167,2
Ryan Pollock,pos,61.293927,3
Séoul,neu,61.036416,1
Sadr City,neu,68.255737,1
Saint Patrick,neu,78.723088,1
Samaritans,neu,67.318913,1
samedi,neu,42.647826,3
Samsonite,pos,41.084139,1
San Francisco,neu,35.946109,1
San José,neu,34.987922,1
Santiago,neg,61.275811,1
Sarah Ewart,pos,67.653705,4
Sarah Ewart,neg,70.798139,4
Savita Halappanavar,neg,98.653599,7
Schomberg House,pos,61.704243,1
Science Commissioner,neu,38.479842,1
Science Correspondent,neu,63.280395,1
Scotland,pos,72.318304,3
Scotland,neg,71.707531,2
Scotland,neg,51.477181,2
Scottish,neu,72.960193,1
Scottish,pos,69.133738,2
Scottish,neu,68.375556,2
Scottish Conservative,neg,56.132549,1
Scottish independence,neg,54.067707,1
Scottish independence,neg,73.242403,2
Scottish Parliament,neg,87.705718,1
Scottish Parliament,neg,87.95556,3
Scottish Premiership,neu,73.222151,1
Scottish Youth Parliament,neu,66.180533,1
SDLP,neg,50.211858,1
Sean Gallup,neg,44.746103,1
Sean Mendez,neg,54.318389,1
Sean's Bar,pos,61.184012,1
Seattle,neu,37.248025,1
Sebastián Piñera,neu,54.174905,1
secretary,neg,40.269543,1
Secretary,neu,51.465099,1
Secretary,neg,56.637784,1
secretary of state,neu,87.401896,1
seis meses,neg,62.217289,1
Senado de Estados Unidos,neu,47.983091,1
senior investigator,neg,67.53461,1
senior ministers,neg,47.958777,1
sept ans,neu,65.019176,1
Sergei Lavrov,pos,63.296813,1
Sergio Cabañas,neg,94.360016,2
Sex and the City,neg,54.826453,1
Sgt,neg,55.353017,1
Shane Harrison,neu,62.398437,1
Sharanya Gopinathan,pos,49.778863,1
Shashanka Ghosh,pos,71.806891,1
Sheffield,neu,55.895065,4
Sheffield City,neu,65.417587,1
Sheila Ferguson,neu,77.906035,1
Shia,neg,74.782356,2
Shia Muslim,neu,53.248157,1
Shinzo Abe,pos,66.730263,10
Shutterstock,neg,79.69439,1
Silicon Valley,neg,76.721316,12
Simba,neu,59.120685,1
Singapore,pos,48.855208,1
Singapore,pos,72.764489,2
Singapore Costa Rica,neg,57.06609,2
Singapour,neg,42.873542,1
singer,neu,61.169959,1
singer,neu,49.082643,1
singer,neu,76.990116,1
Singer Boy George,pos,78.409938,5
Single Ladies,pos,51.396366,1
Sinn Féin,pos,71.170287,2
Sinn Féin,neg,60.875808,1
Sinn Fein,neg,58.779502,1
Sir,neg,41.112592,1
Sir,neu,73.831385,1
Siraj Desai,neg,60.770318,6
Sistema Solar,pos,50.673501,3
Sistema Solar,neg,33.966149,1
six decades,neu,62.961023,1
six weeks,pos,53.101322,1
six years,neg,37.904512,1
six-month,neu,81.738675,1
Sky Sports,neu,64.775203,1
Smithwick's,neu,40.478486,1
Snoop Dogg,neg,49.159529,1
SNP,neu,64.97017,1
SNP,neu,40.921327,2
So long,neu,47.370815,1
Socotra,pos,50.901521,2
Soho,pos,52.320556,1
Sol,neu,63.909378,1
Solidarity,pos,58.015023,1
Somalie,neg,51.417926,1
South Africa,neg,55.888565,2
South African,neg,66.235404,1
South Africans,neg,55.936588,1
South Atlantic Ocean,neu,43.18159,1
south Delhi,pos,60.920172,2
South East Asia,pos,82.188807,1
South Korea,pos,55.542844,1
South Korean,neg,46.481122,1
Southampton,neu,77.285188,2
southeast Asia,neg,66.360985,1
Spain,neu,71.46716,1
Spain,neu,72.121363,1
Spain,pos,53.465805,1
Spanish league,pos,60.300653,1
Special Representative,neu,86.293106,1
Spencer Tunick,neg,77.281611,10
Sporting Lisbon,neu,62.702932,1
Spotify,neg,60.300597,1
Sri Lankan,neg,64.313541,1
St Albans,neg,71.544094,1
St Albans City FC,neg,68.917303,3
St Albans City Football Club,pos,61.94557,1
St George,pos,42.025063,1
St Martin's Lane,pos,53.785997,1
St Mary,pos,46.619022,2
St Mary Street,neg,50.516969,3
St Thomas' Hospital,neg,70.617191,1
St. Kevin,neu,67.234439,1
Standard,neu,49.3697,1
State Department,pos,55.932192,2
State Department spokeswoman,pos,50.099395,1
Steam,neg,95.570262,14
Stefani Germanotta,pos,58.896199,17
Stella Creasy,neg,86.722617,1
Stellenbosch,neg,67.839796,1
Stephen Hawking,pos,94.757755,2
Stephen Lawrence,pos,61.215866,1
Stephen Meyers,pos,52.636197,7
Stephen Walsh,neg,63.942945,4
Steven Brocklehurst,pos,40.209216,1
Steven Gerrard,neu,63.275842,1
Stevie Wonder,neu,81.228317,1
Stirling University,neg,43.988099,1
Stirling University,neg,49.349492,1
Stockholm,neu,66.152451,6
Stockholm District Court,neu,76.076287,1
Stringfellows,neu,81.07982,2
Stringfellows New York,pos,63.783412,2
Stuart Cundy,neu,83.572129,1
Stuart Hall,pos,50.660002,1
Su Pollard,pos,48.115495,1
Sudafed,neg,61.983662,1
Sudamérica,neu,58.721532,1
Sudha G Tilak Delhi,pos,53.524109,2
Sue Hayman,neu,42.925781,2
Suffolk,neg,45.629296,1
Sun,neg,48.757398,2
Sunday,neg,80.464525,3
Suning,neg,42.798554,1
Super Bowl,neg,60.418592,1
Supreme Court,pos,48.146058,6
Supreme Court,neg,69.999156,5
Swara Bhaskar,neg,50.580909,1
Sweden,neg,83.669403,11
Swedes,neg,59.271195,1
Swedish,neg,48.967317,1
Swedish,neg,46.614513,5
Swedish police,neg,59.170789,1
Sydney Opera House,neu,62.479493,1
Syria,neu,63.153246,1
Syria,neu,62.357071,1
Taiwan,neu,78.365387,2
Tajuden Soroush,neg,49.315212,1
Taliban,neg,89.912523,14
Taliban,neg,92.966775,12
Talksport,neu,77.62259,1
Taoiseach,neu,62.27381,1
Taoiseach,neu,69.320653,1
Tea Room,neg,75.876806,1
Tech Solidarity,neu,70.206559,1
Teesside,pos,51.422887,1
Tenant Management Organisation,neu,48.484591,1
Teresa,neg,49.706637,1
Tesfalem Araia,neu,47.813513,1
Tetesi,neu,58.949775,1
Texas,neu,65.484504,1
Texas,neg,73.286576,2
Texas,neu,57.222172,1
Thai,neu,71.626309,1
Thames Valley Police,neu,44.916483,1
the 2 April,neg,75.102288,1
The Beatles,neu,80.080768,1
The Daily Telegraph,neu,56.787547,1
The Daily Telegraph,neu,41.568262,1
the Guardian,neu,83.591118,1
The Kinks,neu,70.609226,1
The Kiss,pos,58.560196,1
The Mail,pos,60.725301,1
The Media Show,pos,76.728671,1
The New York Times,pos,36.844913,1
The Sun,neg,78.717554,3
The Sun,neg,70.01524,1
The Times,neg,38.783312,1
The Wilsons,neg,74.58863,1
The Wired,pos,33.974668,1
Theresa May,neg,44.279133,4
Theresa May,neg,60.950446,2
Theresa May,neg,47.204728,7
Theresa May,pos,72.63219,3
This Week,neu,59.978488,1
This Week,neu,53.797529,1
Thomas Francis Howell,neg,49.138324,1
three days,neu,74.725342,1
Three months,neu,66.337851,1
three months,neg,39.591481,1
three years,neu,42.726515,1
three years,pos,45.446617,1
three years,neg,60.561925,1
Thursday,neu,46.585266,1
Thursday,pos,50.361419,3
Thursday,neu,66.372242,1
Thursday,neg,56.673988,1
Thursday,pos,53.409894,1
Thursday,neg,66.356743,2
Thursday,neg,65.534321,1
Thursday,neu,65.743069,1
Thursday,neg,46.341059,1
Thursday,neg,57.449318,1
Thursday,neu,43.724233,1
Thursday,neg,84.632704,1
Thursday,neg,44.010353,2
Thursday,neu,71.761466,2
Tie Rack,neg,42.702617,1
Tierra,neu,86.671007,16
Times,neu,63.45731,1
Times,neg,60.860725,1
Timu,neu,74.401796,1
Tiocfaidh ár lá,pos,63.826407,1
Titanic,neu,73.995752,2
Tobermore,neg,72.245997,1
Today programme,neu,83.408425,1
Tokyo,pos,60.993754,2
Tom Beal,pos,50.651878,1
Tom Espiner,neg,50.76401,1
Tom Jones,pos,72.207577,1
Tom Symonds,pos,51.25857,1
Tony Benn,neu,56.139491,1
Tony Blackburn,pos,58.42467,1
Tony Blair,pos,43.084126,5
Torbjorn Loof,neu,78.428018,1
Torino,neu,70.231072,1
Tory,neg,54.942457,1
Tory,pos,55.374023,2
Tory,neg,60.65201,2
Toshie,pos,60.040276,1
Tottenham,neu,52.831466,1
Townhead,neu,74.799414,1
Toys 'R' Us,pos,52.42598,1
TPG,pos,52.212085,2
Travis Kalanick,neg,36.016835,1
Trinity Street,neu,55.554897,1
Trollhattan,neu,51.198648,1
Trump,neu,39.792086,2
Trump's presidential bid,pos,66.902249,1
"Tuam, County Galway",neg,43.238131,1
Tuesday,neu,70.519773,1
Tuesday,neg,50.375224,1
Tuesday,pos,62.680276,4
Tuesday,neg,80.086171,3
Tulleken BBC,neu,49.650684,3
Turkey,neu,65.190865,1
Twentieth Century,pos,63.626181,1
Twitter,pos,56.861805,1
Twitter,pos,55.96308,3
Twitter,neu,65.009605,1
Twitter,pos,55.251068,6
Twitter,pos,71.184414,1
Twitter,neg,49.889331,4
Twitter,neu,86.831503,1
Twitter,neu,52.68862,1
Twitter,pos,69.920362,2
Twitter,pos,64.605503,1
Twitter,pos,72.140864,2
Twitter,neg,80.077469,1
Twitter,neg,47.645051,1
Twitter,pos,53.886383,6
Twitter,pos,71.4951,2
Twitter,neu,67.666336,1
Twitter,neu,61.92922,1
two weeks,neu,65.216037,1
two years,neg,77.127647,1
Two years,neu,50.149774,1
two years,pos,47.81161,3
two-year,neg,59.509699,1
Tyneside,pos,46.634923,1
ورا بيكر,neg,73.52652,1
واشنطن,pos,79.04505,3
واشنگتن,neu,94.827885,4
والوزير القاضي رئيس الكهنة,neu,51.816798,1
وزراء,neu,63.024861,1
وزراء الخارجية,neu,53.445738,1
وزارة الداخلية,neu,42.584562,1
وزارة الدفاع,neu,81.676361,1
وزارة الخارجية,neu,87.485516,1
وزارت خارجه,neu,64.101644,1
وزیر,neu,57.642499,1
وزیر,neu,71.443174,1
وزیر خارجه,neu,71.136172,1
وزیر خارجه,neu,74.472327,1
وزیر خارجه,neu,76.77793,1
وزیر خارجه,neu,82.011819,1
وزیر خارجه,neu,95.794651,1
وزیر خارجه,neu,69.704632,1
وزیران,neu,70.835068,1
وزير الخارجية,neu,84.252025,1
وزيرة الخارجية,neg,45.138725,1
وورلد فيو,neg,61.645454,3
وکیل,neu,86.345163,1
وکیلی,neu,90.452413,1
وكالة أنباء الأناضول التركية,neu,51.742782,1
وكالة رويترز,neg,50.939685,1
وكالة الفضاء,pos,46.536337,1
وكالة فرانس برس,pos,41.049713,1
ویویان بالاکریشنان,neu,97.671507,4
١٠ میلیون سال,neg,46.000665,1
١٢ ژوئن,neu,98.628712,2
١٧ خرداد,neu,67.285725,1
گروه تحقیق,neu,48.772063,1
گوانگ‌ژو,neu,93.341456,4
ژاپن,neu,99.999998,14
ژاپنی,neu,91.652131,2
قائد الجيش,neu,41.418125,1
قسم البحوث والتطوير بالشعبة الفضائية,neg,44.268772,1
قوات التحالف الدولي,neg,44.649933,1
لبركان,neg,82.173875,1
لأمم المتحدة,neg,66.227938,2
لأمن القومي,neg,56.36364,2
لأكاديمية الصينية للعلوم,neg,60.219311,1
لجنة الاتصالات,neg,48.016847,1
لجنة حقوق الإنسان,neu,77.032351,1
لعراق,neg,82.699496,1
لزلی بوئر,neu,90.33538,1
لمصريين,neg,42.734646,1
لمعهد العلمي الفرنسي للآثار الشرقية,neg,44.388351,1
لملك,neu,64.108563,1
لملك,pos,59.438772,1
لملك,pos,61.437531,1
لملك,neu,77.507837,1
لملك,neu,65.637318,1
لندن,neu,65.553918,1
لندن,pos,72.006789,1
لنائب العام,neg,34.15509,1
لير لالويت,neu,56.029676,2
ليزلي بوير,neg,40.31489,1
ليونارد دويل,pos,54.062215,2
٥٤١ میلیون سال,neg,39.044867,1
٥٥١ میلیون سال,neu,72.526051,1
۱۴ خرداد,neu,61.400226,1
۱۷ خرداد ۱۳۹۷,neu,66.149837,1
۱۷ خرداد ۱۳۹۷,neu,74.040582,1
٧ ژوئن,neu,62.216919,1
کره شمالی,neu,100,29
کره جنوبی,neu,85.761569,2
کابل,neg,39.030173,2
کاخ سفید,neu,93.943214,1
کاخ سفید,neu,94.390771,4
کانادا,neu,70.712869,1
کانادایی,neu,96.228704,1
کانیه وست,pos,39.929675,1
کاپولا,neu,81.460552,1
کوبا,neu,96.60113,4
کویت,neu,49.162555,1
کلاود,neu,92.807274,1
کلاود,neu,92.807274,1
کمیساریای عالی پناهندگان سازمان ملل,neu,77.998091,1
کنسولگری آمریکا,neu,79.993813,3
کیم ایل-سونگ,neu,94.22517,1
کیم جونگ-اون,neu,97.855456,3
کیم کارداشیان وست,neu,99.971328,7
کیم یونگ,neu,89.150101,2
مدیر,neu,45.61844,1
مدير,pos,68.839784,1
مشاور,neu,41.861332,1
مشهد,neu,91.876245,5
مؤسسة حرية,neg,79.2587,2
مؤسسه بین‌المللی انرژی اس‌وی‌بی,neu,39.121027,1
مرنرع الثاني,neu,50.381458,2
مريت رع,pos,46.048315,2
مريت نيت,neu,70.083622,4
مائة وثمانين يوما,pos,41.88319,1
مارجريت بيكيت,neg,41.783471,1
مارس,neg,64.980745,1
مارک اوسلر,neu,98.831581,3
ماریانو راخوی,neu,93.764989,2
ماري,pos,52.112557,1
مایک پومپئو,neg,45.225901,1
مايك بومبيو,neu,91.329804,1
مجلس النواب,pos,92.612831,4
مجلس النواب,neg,50.95103,1
مجلس منبج العسكري,neu,60.877478,6
مجلس منبج المدني,neg,50.94303,1
مجمع عالی خلق,neu,94.698967,2
مجمّع الأرباب,pos,58.232334,1
مصر,pos,38.617655,32
مصر,pos,52.522151,2
مصر,pos,55.726503,5
مصري,neg,62.163019,2
مصرية,neu,52.698701,1
معهد التاريخ,pos,68.810529,1
معهد فايبر,neg,71.581926,1
معهد كوليج,pos,40.383771,1
مساعد لرئيس,neu,90.553126,1
مسعود فریادی,neu,68.401181,1
متحف اللوفر,pos,43.933286,2
محسن میلانی,neg,45.198974,1
محمد اشرف غنی,neu,98.193695,3
محمد الغول,neg,83.257068,3
محمد جواد ابطحی,neg,40.752826,3
محمد جمعة,pos,40.657581,1
محمد عبديكير,neg,69.211217,1
محمد على فرحات,neu,61.358422,1
محمد غرايبة,neu,44.192807,1
محمود احمدی‌نژاد,neu,69.931553,1
محمود صادقی,neg,68.530959,1
موسسه وایپیر دانشگاه آریزونا,neu,77.489783,1
موسسه مطالعاتی علوم و امنیت,neu,75.063743,3
مولود جاويش اوغلو,neu,84.435572,1
مقتدى الصدر,neg,70.224923,7
مقتدی صدر,neu,84.434566,3
ملك,neu,50.348223,1
ملك,neu,51.135989,1
ملك,pos,45.918375,1
منبج,neu,77.011586,13
منغوليا,neu,40.846065,1
مكة,pos,45.655432,2
می,neu,99.999994,12
می,neg,48.708716,1
می,neu,77.640418,1
میزان,neu,70.89159,2
میزان,neu,72.64837,1
ميتاني,pos,46.485838,1
ميناء بوساسو,neg,83.801932,1
نائب أمير,neu,69.172199,1
نائب رئيس الوزراء,neu,42.249495,1
ناسا,pos,46.460295,1
ناسا,neu,75.496495,2
ناتو,pos,45.051312,1
نايتشر,neu,70.329355,1
نخست وزیر,neu,57.201951,1
نخست وزیر,neu,73.845893,1
نخست وزیر,neu,41.880895,1
نخست وزیر,neu,97.555849,1
نخست وزیر,neu,93.96114,1
نخست وزیر,neu,74.381747,1
نخست وزیر,neu,82.545809,1
نخست وزیر,neu,91.996925,1
نخست وزیر,neu,77.817649,1
نطنز,neu,43.831146,1
نوبلكور,neu,53.164239,2
نقده,neu,59.646982,1
نمایندگان,neu,87.295685,1
نماینده,neu,77.348451,1
نماینده,neg,55.513558,1
نماینده,neg,54.525349,1
نماینده,neg,44.094347,1
نماینده,neu,50.653867,1
چهارشنبه,neu,93.925748,2
نفرو رع,neu,48.258467,1
نیروگاه بوشهر,neg,54.57058,4
نیروی دریایی آمریکا,neu,86.86429,1
چین,neu,93.354073,2
چین,neu,99.995438,10
نيت إقرت,neu,55.763325,5
نيقولا غريمال,pos,42.801374,4
هرم مزغونة,neu,67.433669,1
هاني,neg,47.402372,1
هفتم ژوئن ۲۰۱۸,neu,39.807539,1
هفتم ژوئن ۲۰۱۸,neg,38.057409,1
هيذر,neu,63.237473,1
فرانسوا,pos,40.75582,1
فرانسه,neg,42.592283,1
فرانسه,neu,71.96598,1
فرمانده,pos,38.198564,1
فضانورد,neu,68.847951,1
فلسطینی‌ها,neg,42.683641,1
فلوريدا,neg,48.284656,1
پدرو سانچز,neu,99.149941,5
پارلمان,neu,71.3113,1
پارلمان,neu,99.695503,3
پزشک,neu,84.154194,1
پلیس بغداد,neu,75.806566,1
پلیس ایران,neu,65.615262,1
پنج روز,neu,93.068337,1
پنجشنبه,neu,91.78505,2
پنجشنبه ۱۷ جوزا,neu,86.333741,1
پیونگ‌یانگ,neu,94.800834,2
۲۰ سال,neu,77.855743,1
۲۷ رمضان,neu,56.275429,1
۲۲ سال,neu,82.231837,1
UAE,neg,45.379608,1
UCL Constitution Unit,neu,82.567952,2
Uefa Champions League,neu,79.857668,1
Uefa Financial Fair,neu,80.350971,1
كر بوزداغ,neu,64.90409,1
كرستيان ديروش,neu,48.475091,2
كوربس,neg,46.813908,1
كورت تيد,pos,64.269826,1
كوريا الشمالية,neg,79.592172,2
كوريا الشمالية,neg,62.229094,3
كوانغ-تشي للعلوم,pos,39.529056,2
كيم جونغ أون,neg,50.375754,1
كيم جونغ أون,pos,46.693844,3
UK,neu,84.54518,4
UK,pos,55.170918,1
UK,neg,88.687363,2
UK,neu,40.032164,1
UK,neg,39.758736,8
UK,neg,63.328023,3
UK,neg,67.310225,5
UK,neg,94.90765,10
UK,neu,56.736623,1
UK,neg,65.350953,1
UK,neg,66.788113,1
UK,neu,78.839625,1
UK,neu,80.986982,15
UK government,neu,74.704774,1
UK government,pos,52.658594,1
UK government,neg,78.770827,1
UK parliament,neg,49.537596,1
UKIP,neg,73.415962,2
Ulaya Alhamisi,neu,62.829203,1
Umm Ahmed,neu,83.219093,1
UN,neg,82.467372,4
UN,neg,56.447851,1
UN Food and Agriculture Organisation,neu,59.815999,1
UN Human Rights Office,neg,63.321191,1
un siècle,neg,52.538857,1
una hora,neg,40.355481,1
Una semana,neu,35.545582,1
UNESCO,neu,68.040331,1
Unilever,neu,55.17817,1
United Kingdom,pos,44.348869,5
United Kingdom,pos,75.370128,6
United States,neu,57.01791,12
United States,neg,42.169373,1
Universidad de Arizona,neg,38.985034,1
Universidad de Columbia,neu,42.470039,1
Universidad de Oxford,neu,43.50005,1
Universidad de Stanford,neu,50.835126,1
Universidad de Winsconsin-Madison,pos,41.146539,1
Universidad Rice de Houston,neu,47.09434,1
University College London,neu,56.515428,1
University College London,neu,54.474046,1
University of Arizona VIPER Institute,neg,75.820464,1
University of Bristol,pos,48.534457,1
University of Cardiff,pos,49.030495,1
University of Glasgow,pos,40.622869,6
University of Hong Kong,pos,48.765053,1
یانگتسه,neu,94.499798,2
یونان,pos,46.042907,1
یک سال,neu,93.973099,4
یک متر,neu,96.099509,1
Upgrade U,pos,56.56712,1
Urban Decay,neu,66.423097,1
Ureno Gelson Martins,neu,62.561603,1
Urgh,pos,70.341581,1
US,neg,68.463108,12
US,neu,57.11451,1
US,neg,81.315602,3
US,neg,64.002858,3
US,neg,97.595983,10
US,pos,77.763286,1
US,neu,79.666565,2
US,neg,65.127413,2
US,neu,65.661148,13
US,pos,55.842672,1
US,pos,69.692336,8
US Air Force,neg,53.405615,2
US Capitol,neg,47.740484,1
US Customs and Border Protection,neu,40.947226,1
US Department of State,neu,75.211515,1
US Forces,neg,39.694183,1
US government,neg,51.568093,1
US National Suicide Prevention Lifeline,neg,53.718473,1
US State Department,neg,79.922107,1
US state department,neu,69.667757,1
Usiwzi Xherdan Shaqiri,neu,46.874447,1
يونان,neg,54.538632,1
يونيو,neu,70.535689,1
Ut Na Sio,neg,63.937863,4
Uzbek,neg,60.444868,1
Uzbekistan,neg,73.162384,3
Valve,neg,94.186238,12
Veere Di Wedding,neg,61.112069,9
vendredi,neg,42.951209,2
venezolano,neu,45.510817,1
Venezuela,neu,57.163989,23
Venezuela Le,pos,36.57809,1
Verdad,neu,69.477594,1
Versace,neu,69.917718,1
Vesuvius,pos,61.796701,1
Vice President,neu,56.406445,1
Vicks,neg,57.302195,1
Victoria Gill,neu,81.705006,2
Victoria King,neg,66.808175,1
Victoria Police,neu,78.290204,1
Victorian,neg,69.440978,2
Vienna,pos,69.016034,3
Viking,neg,59.108819,2
Vikings,pos,46.862896,2
Vision,neu,60.409768,1
Vivian Balakrishnan,neu,50.750348,1
Vladimir Putin,pos,67.974438,1
Volcan de Fuego,pos,52.514381,1
Wakefield,pos,59.523899,1
"Wakefield, West Yorkshire",pos,51.059053,2
Wales,neu,75.492855,3
Wall Street,pos,64.215175,1
Walter Blackie,neg,51.384563,2
Walter Mazzarri,pos,46.003222,1
Walvis Ridge,neg,35.72493,1
Warner Bros. Pictures,pos,84.148021,6
Washington,pos,40.637804,1
Washington,pos,43.991764,1
Washington,pos,52.136648,1
Washington,neu,44.701439,1
Washington,pos,47.634775,1
Washington,neu,72.411733,1
Washington,pos,38.722527,2
Washington DC,neu,57.272651,1
"Washington, DC",neg,44.736879,1
Waterford Crystal,pos,68.137422,1
Waterford's Treasures,neu,71.29459,1
Wednesday,neg,60.571215,1
Wednesday,neg,85.933223,2
Wednesday,neg,51.22927,1
Wednesday,neu,43.818152,1
Wednesday,neg,57.396047,1
Wednesday,neu,70.686151,1
Wednesday,neu,71.272889,1
Wednesday,neu,70.404209,1
Wednesday,neu,60.475224,1
Wednesday,neg,79.302807,1
Wednesday,neg,65.774815,3
Wednesday,pos,50.138294,1
Wednesday,neg,48.50616,1
Wednesday,neg,79.406505,1
Welsh,pos,35.850084,1
West End,neu,64.448612,1
Western Cape High Court,neg,59.951461,1
Westminster,neg,80.746025,1
Westminster,neu,70.69388,1
Westminster,neg,93.434818,6
Westminster,pos,72.029479,1
Westminster,neg,60.089392,1
Westminster,neu,69.000487,1
Westminster,pos,63.31112,1
Wharton Street,pos,76.337408,8
Whatsapp,neu,39.617916,2
White House,neg,67.219451,1
White House,neg,79.590346,4
White House,neg,64.329041,1
Will Grant,neg,47.871831,1
William Anders,pos,35.751483,1
Willow Tea Rooms,pos,61.283134,1
Winga wa Watford Roberto Pereyra,neu,43.987372,1
Wire Image,neg,80.2001,5
Women's Refugee Commission,neu,54.174383,1
Woolworths,pos,70.05085,3
Xand,neu,44.862646,3
X-Factor,pos,70.28327,1
Xi Jinping,neu,35.390183,1
Yacine Adli,neu,70.351269,1
Yemane Gebre Meskel,neu,65.724173,1
Yemen,neg,44.974316,1
Yes,neu,57.92816,1
Yes,pos,51.368269,1
Youtube,pos,46.228196,1
YouTube,neu,71.215431,1
YouTube,pos,99.29999,12
Yuya,pos,67.088277,1
Yvonne Seaman,neg,64.377601,8
Zinédine Zidane,pos,65.206732,1
Zinedine Zidanewiki,pos,38.994576,1
Zofija Kaczan,neg,68.849176,2
